{
    "CIFAR100": [
        {
            "acc/test": 0.6841999888420105,
            "loss/test": 1.2179275751113892
        }
    ],
    "DTD": [
        {
            "acc/test": 0.49445676803588867,
            "loss/test": 1.942121982574463
        }
    ],
    "EuroSAT": [
        {
            "acc/test": 0.5690740942955017,
            "loss/test": 1.297805905342102
        }
    ],
    "GTSRB": [
        {
            "acc/test": 0.43130630254745483,
            "loss/test": 2.098994493484497
        }
    ],
    "MNIST": [
        {
            "acc/test": 0.5343999862670898,
            "loss/test": 1.7657538652420044
        }
    ],
    "RESISC45": [
        {
            "acc/test": 0.6740740537643433,
            "loss/test": 1.0525189638137817
        }
    ],
    "SVHN": [
        {
            "acc/test": 0.4684000015258789,
            "loss/test": 1.7699081897735596
        }
    ],
    "Cars": [
        {
            "acc/test": 0.6142506003379822,
            "loss/test": 1.0728365182876587
        }
    ],
    "CIFAR10": [
        {
            "acc/test": 0.9074000120162964,
            "loss/test": 0.30563727021217346
        }
    ],
    "EMNIST": [
        {
            "acc/test": 0.19679999351501465,
            "loss/test": 2.2840981483459473
        }
    ],
    "FashionMNIST": [
        {
            "acc/test": 0.6474000215530396,
            "loss/test": 1.0436527729034424
        }
    ],
    "FER2013": [
        {
            "acc/test": 0.3804877996444702,
            "loss/test": 1.882887840270996
        }
    ],
    "Flowers102": [
        {
            "acc/test": 0.6470588445663452,
            "loss/test": 1.3364174365997314
        }
    ],
    "Food101": [
        {
            "acc/test": 0.8381999731063843,
            "loss/test": 0.5844681859016418
        }
    ],
    "KMNIST": [
        {
            "acc/test": 0.10019999742507935,
            "loss/test": 2.4425463676452637
        }
    ],
    "OxfordIIITPet": [
        {
            "acc/test": 0.8478260636329651,
            "loss/test": 0.4768820106983185
        }
    ],
    "PCAM": [
        {
            "acc/test": 0.5185999870300293,
            "loss/test": 0.7697714567184448
        }
    ],
    "RenderedSST2": [
        {
            "acc/test": 0.5939306616783142,
            "loss/test": 0.6635883450508118
        }
    ],
    "STL10": [
        {
            "acc/test": 0.972000002861023,
            "loss/test": 0.11012660712003708
        }
    ],
    "SUN397": [
        {
            "acc/test": 0.6549118161201477,
            "loss/test": 1.218757152557373
        }
    ],
    "evaluation_cfg": {
        "nn": {
            "data": {
                "dataset": {
                    "dataset_name": "Cars",
                    "ft_epochs": 35,
                    "posthoc_epochs": 10,
                    "num_classes": 196
                },
                "accelerator": "gpu",
                "batch_size": {
                    "test": 16,
                    "train": 32,
                    "val": 32
                },
                "data_path": "/mnt/KS_2TB/PARA/Projects/ATM/Higher-Order-Task-Vector-Playground/data",
                "num_workers": {
                    "test": 8,
                    "train": 8,
                    "val": 8
                },
                "train_dataset": "CarsVal"
            },
            "module": {
                "_target_": "tvp.pl_module.image_classifier.ImageClassifier",
                "x_key": "x",
                "y_key": "y",
                "encoder": "??",
                "classifier": "??",
                "optimizer": {
                    "_target_": "torch.optim.SGD",
                    "lr": 1e-05
                },
                "model": {
                    "_target_": "tvp.modules.encoder.ImageEncoder",
                    "model_name": "ViT-B-16",
                    "openclip_cachedir": "/mnt/KS_2TB/PARA/Projects/ATM/Higher-Order-Task-Vector-Playground/checkpoints/openclip_cache",
                    "cache_dir": null,
                    "keep_lang": "??"
                }
            }
        },
        "train": {
            "seed_index": 0,
            "deterministic": false,
            "trainer": {
                "fast_dev_run": false,
                "accelerator": "gpu",
                "devices": 1,
                "precision": 32,
                "max_steps": -1,
                "num_sanity_val_steps": 2,
                "gradient_clip_val": 10.0,
                "val_check_interval": 1.0,
                "deterministic": false
            },
            "restore": {
                "ckpt_or_run_path": null,
                "mode": null
            },
            "monitor": {
                "metric": "loss/train",
                "mode": "min"
            },
            "callbacks": [
                {
                    "_target_": "pytorch_lightning.callbacks.EarlyStopping",
                    "patience": 42,
                    "verbose": false,
                    "monitor": "loss/train",
                    "mode": "min"
                },
                {
                    "_target_": "pytorch_lightning.callbacks.ModelCheckpoint",
                    "save_top_k": 1,
                    "verbose": false,
                    "monitor": "loss/train",
                    "mode": "min"
                },
                {
                    "_target_": "pytorch_lightning.callbacks.LearningRateMonitor",
                    "logging_interval": "step",
                    "log_momentum": false
                },
                {
                    "_target_": "pytorch_lightning.callbacks.progress.tqdm_progress.TQDMProgressBar",
                    "refresh_rate": 1
                }
            ],
            "logging": {
                "upload": {
                    "run_files": false,
                    "source": true
                },
                "logger": {
                    "_target_": "lightning.pytorch.loggers.WandbLogger",
                    "project": "task-vectors-playground",
                    "entity": "dansolombrinoandfriends",
                    "log_model": false,
                    "mode": "online",
                    "tags": [
                        "dev"
                    ]
                },
                "wandb_watch": {
                    "log": null,
                    "log_freq": 100,
                    "log_graph": false
                }
            }
        },
        "conventions": {
            "x_key": "x",
            "y_key": "y"
        },
        "core": {
            "entity": "dansolombrinoandfriends",
            "project_name": "task-vectors-playground",
            "storage_dir": "/mnt/KS_2TB/PARA/Projects/ATM/Higher-Order-Task-Vector-Playground/storage",
            "tags": [
                "dev"
            ],
            "version": "0.0.1"
        },
        "epoch_divisor": "None",
        "eval_datasets": [
            "CIFAR100",
            "DTD",
            "EuroSAT",
            "GTSRB",
            "MNIST",
            "RESISC45",
            "SVHN",
            "Cars",
            "CIFAR10",
            "EMNIST",
            "FashionMNIST",
            "FER2013",
            "Flowers102",
            "Food101",
            "KMNIST",
            "OxfordIIITPet",
            "PCAM",
            "RenderedSST2",
            "STL10",
            "SUN397"
        ],
        "eval_on_train": false,
        "misc": {
            "cache_dir": null,
            "ckpt_path": "/mnt/KS_2TB/PARA/Projects/ATM/Higher-Order-Task-Vector-Playground/checkpoints/ViT-B-16",
            "openclip_cachedir": "/mnt/KS_2TB/PARA/Projects/ATM/Higher-Order-Task-Vector-Playground/checkpoints/openclip_cache",
            "pretrained_checkpoint": "/mnt/KS_2TB/PARA/Projects/ATM/Higher-Order-Task-Vector-Playground/checkpoints/ViT-B-16/zeroshot.pt"
        },
        "order": 1,