{
    "cars": [
        0.08975813760125338,
        0.06510639318096689,
        0.058433832922838734,
        0.055715266328805725,
        0.053890745819577486,
        0.05314550260821892,
        0.053022925326501755,
        0.053049736797915734,
        0.05301500392153836,
        0.05302421537364519
    ],
    "dtd": [
        0.17204597851703465,
        0.13550639152732863,
        0.12064983704640042,
        0.11824163787186764,
        0.1160740884753502,
        0.11612501456934374,
        0.11623452236975015,
        0.11626687948047221,
        0.11626433964017222,
        0.11626501428469782
    ],
    "eurosat": [
        0.1380287099227835,
        0.09095281290884466,
        0.0850777266091422,
        0.0772153508854172,
        0.07470231199809288,
        0.0733362175607799,
        0.07355775496142639,
        0.0731023673932997,
        0.07313190386276981,
        0.07311963971357706
    ],
    "gtsrb": [
        0.1357267838990485,
        0.09683973090565073,
        0.0875477478294754,
        0.08688134881307956,
        0.08622541874416446,
        0.08443894987597439,
        0.08488966573310365,
        0.08453748984670459,
        0.08440702584506621,
        0.08440936394669601
    ],
    "mnist": [
        0.1031343332090217,
        0.07232502159754407,
        0.06434966848083062,
        0.05915626275649094,
        0.0568380246445573,
        0.05534821332322045,
        0.055124851753131525,
        0.054337312265980015,
        0.05427222585568919,
        0.054288683856993376
    ],
    "resisc45": [
        0.16072477779830735,
        0.11421196122432964,
        0.09709623967339531,
        0.09123141278731665,
        0.08868955180572796,
        0.08682512754607943,
        0.08635139788518931,
        0.08653749520018571,
        0.08663858630154062,
        0.08667638935929589
    ],
    "svhn": [
        0.12383880195101095,
        0.08082448503843229,
        0.06933270345632361,
        0.06265807943931459,
        0.059128082139460636,
        0.059314724685370974,
        0.05676682885336828,
        0.05600510690519594,
        0.05661557826955742,
        0.05610224254219019
    ],
    "sun397": [
        0.2291192796294655,
        0.16237730333666375,
        0.1406911735796293,
        0.12929988401691098,
        0.1255326012847966,
        0.1251590435818714,
        0.12468058470587065,
        0.12433208836509597,
        0.12427393794744367,
        0.12425971060629812
    ],
    "stl10": [
        0.5421775928373103,
        0.4102261269114733,
        0.33577751361891184,
        0.28235111606843316,
        0.2412199087263715,
        0.2128123761303293,
        0.16294774759605968,
        0.15454476562831185,
        0.1443656293587839,
        0.14244483653716955
    ],
    "oxfordiiitpet": [
        0.18350237030496105,
        0.1338526080013149,
        0.12088707727014347,
        0.12238951941621752,
        0.12229400271016487,
        0.12214792750000417,
        0.12219787080080803,
        0.12218705181471899,
        0.12221084846520612,
        0.12221920430090732
    ],
    "flowers102": [
        0.2681402852401605,
        0.2409993448041019,
        0.2231171306364361,
        0.22064916314963606,
        0.2188031970576573,
        0.21740461664520297,
        0.2164496397044087,
        0.21612194393385376,
        0.21585806218771475,
        0.2158401439932071
    ],
    "cifar100": [
        0.0999506926991583,
        0.06992312970506369,
        0.06008175629591537,
        0.057887803393242336,
        0.05520080958208338,
        0.053764376662549414,
        0.052496187612425145,
        0.052385683402142835,
        0.05191612756246754,
        0.051917893233506394
    ],
    "pcam": [
        0.09169781319097904,
        0.0598679367873316,
        0.04987282759073613,
        0.044683465780018146,
        0.041768327394936786,
        0.04128712361875691,
        0.039235931451872715,
        0.03817726192641733,
        0.038193825986598144,
        0.0381245743380613
    ],
    "fer2013": [
        0.08304680515097951,
        0.0524366352091442,
        0.03998575916661594,
        0.03401848270391149,
        0.027973489127919794,
        0.02446533761185843,
        0.02340400313987072,
        0.023218237714273775,
        0.023141264534437704,
        0.023072380184282322
    ],
    "cifar10": [
        0.09006792058089477,
        0.05947332432973045,
        0.05446879626207154,
        0.04977367576714881,
        0.05132082923951367,
        0.05185672011976367,
        0.05279627802578887,
        0.05350851131396431,
        0.05337682467967718,
        0.05321966411396523
    ],
    "food101": [
        0.10832480481496491,
        0.08723855635293086,
        0.08075244019122431,
        0.07333484693645873,
        0.07106786437732528,
        0.07056961586271276,
        0.06912604213594763,
        0.06951410592817804,
        0.0689776498120301,
        0.06906007710620025
    ],
    "fashionmnist": [
        0.11611706093788494,
        0.07605869418869533,
        0.07070860178650068,
        0.05822440361325519,
        0.05592870212334814,
        0.05614851580352351,
        0.05307937878370567,
        0.051837957554135346,
        0.051828222978613434,
        0.0517860440915551
    ],
    "renderedsst2": [
        0.12210301902863016,
        0.0706657298469377,
        0.060809085410730844,
        0.05765511799616522,
        0.05376951437983136,
        0.052889024099950145,
        0.05217497348231901,
        0.05238158341084465,
        0.05235020946477704,
        0.052394411407983184
    ],
    "emnist": [
        0.07302560563668327,
        0.05923208154453399,
        0.05201930841401563,
        0.05292114673020468,
        0.05096300631995108,
        0.049639128648485034,
        0.0495404274489093,
        0.049077917195325976,
        0.0492015587629414,
        0.04922567233753203
    ],
    "kmnist": [
        0.08690692632304485,
        0.05436792781242797,
        0.04616921114187345,
        0.04163642317549121,
        0.040427927575499116,
        0.03859681580075865,
        0.03769030474114369,
        0.03730046057358199,
        0.037308192092499484,
        0.03729383059533286
    ]
}