{
    "cars": [
        0.06930777430534363,
        0.049766309559345245,
        0.04526732116937637,
        0.04238276183605194,
        0.04123859852552414,
        0.040814340114593506,
        0.0408482663333416,
        0.04080307483673096,
        0.04075663909316063,
        0.040772780776023865
    ],
    "dtd": [
        0.1612616628408432,
        0.12403075397014618,
        0.11038954555988312,
        0.10799767822027206,
        0.10604376345872879,
        0.1059408187866211,
        0.10591816902160645,
        0.10587504506111145,
        0.10583201795816422,
        0.10583396255970001
    ],
    "eurosat": [
        0.1177983209490776,
        0.07400337606668472,
        0.06765919178724289,
        0.06144841015338898,
        0.05883033573627472,
        0.05800126492977142,
        0.058447640389204025,
        0.05798928812146187,
        0.057972341775894165,
        0.057960595935583115
    ],
    "gtsrb": [
        0.12012310326099396,
        0.0845341756939888,
        0.0755055695772171,
        0.07446695864200592,
        0.07360317558050156,
        0.071768619120121,
        0.07205141335725784,
        0.07157009094953537,
        0.0713803768157959,
        0.0713779404759407
    ],
    "mnist": [
        0.07675250619649887,
        0.05256776884198189,
        0.046662360429763794,
        0.043311722576618195,
        0.040925055742263794,
        0.03944036364555359,
        0.03939979895949364,
        0.038721125572919846,
        0.038630396127700806,
        0.03866024687886238
    ],
    "resisc45": [
        0.15035684406757355,
        0.10455247759819031,
        0.08950313925743103,
        0.08364112675189972,
        0.08170876652002335,
        0.07998371869325638,
        0.07942306995391846,
        0.0795494019985199,
        0.07961840182542801,
        0.07964795082807541
    ],
    "svhn": [
        0.10440163314342499,
        0.06787803024053574,
        0.058101337403059006,
        0.0529974065721035,
        0.04990076273679733,
        0.04927060008049011,
        0.047485459595918655,
        0.04665642976760864,
        0.046971820294857025,
        0.04664158821105957
    ],
    "sun397": [
        0.20018883049488068,
        0.14012499153614044,
        0.12087313085794449,
        0.11144222319126129,
        0.1081993579864502,
        0.10777264088392258,
        0.10737156122922897,
        0.10708269476890564,
        0.10702630877494812,
        0.10701726377010345
    ],
    "stl10": [
        0.4975179135799408,
        0.3611273467540741,
        0.2977847456932068,
        0.2541217803955078,
        0.2184303253889084,
        0.19151504337787628,
        0.14596620202064514,
        0.1338420808315277,
        0.12396718561649323,
        0.12238295376300812
    ],
    "oxfordiiitpet": [
        0.1500619500875473,
        0.10646170377731323,
        0.09650687128305435,
        0.09749256819486618,
        0.09712918847799301,
        0.09673035144805908,
        0.09656307101249695,
        0.09643960744142532,
        0.09639546275138855,
        0.09640178829431534
    ],
    "flowers102": [
        0.24427688121795654,
        0.21882300078868866,
        0.20058272778987885,
        0.19595544040203094,
        0.192111536860466,
        0.1890089362859726,
        0.1868550181388855,
        0.18581658601760864,
        0.1852433979511261,
        0.1851954311132431
    ],
    "cifar100": [
        0.0762491524219513,
        0.05135667324066162,
        0.04398440197110176,
        0.041902605444192886,
        0.039579126983881,
        0.037979744374752045,
        0.0372881218791008,
        0.037161167711019516,
        0.03679133951663971,
        0.03678636625409126
    ],
    "pcam": [
        0.07682105153799057,
        0.046408262103796005,
        0.03806886821985245,
        0.03430669754743576,
        0.032317403703927994,
        0.03211762011051178,
        0.030854638665914536,
        0.030015097931027412,
        0.02997669391334057,
        0.02988535538315773
    ],
    "fer2013": [
        0.07666441053152084,
        0.04682617262005806,
        0.03599473088979721,
        0.030426563695073128,
        0.025623342022299767,
        0.023061562329530716,
        0.022350020706653595,
        0.0222232174128294,
        0.022182775661349297,
        0.022140782326459885
    ],
    "cifar10": [
        0.07647865265607834,
        0.04718504101037979,
        0.04382332041859627,
        0.03879604861140251,
        0.039935383945703506,
        0.039809372276067734,
        0.03987628221511841,
        0.04047098383307457,
        0.04028908163309097,
        0.040188051760196686
    ],
    "food101": [
        0.09558682888746262,
        0.07692357897758484,
        0.0709700658917427,
        0.06493376195430756,
        0.06307128816843033,
        0.0627719908952713,
        0.061360571533441544,
        0.0617818608880043,
        0.06132686510682106,
        0.061395734548568726
    ],
    "fashionmnist": [
        0.0946156308054924,
        0.060655295848846436,
        0.05500907823443413,
        0.04542617127299309,
        0.042471110820770264,
        0.04207034036517143,
        0.03986508771777153,
        0.03876705467700958,
        0.038647204637527466,
        0.0385398231446743
    ],
    "renderedsst2": [
        0.09557156264781952,
        0.05885174497961998,
        0.05100961774587631,
        0.04899631813168526,
        0.04631451517343521,
        0.046064116060733795,
        0.04558180272579193,
        0.045898035168647766,
        0.04586735740303993,
        0.04590299725532532
    ],
    "emnist": [
        0.05231550335884094,
        0.04106627032160759,
        0.03591221943497658,
        0.03640683740377426,
        0.03503241017460823,
        0.03424302861094475,
        0.033985596150159836,
        0.03366313874721527,
        0.033658646047115326,
        0.03368355706334114
    ],
    "kmnist": [
        0.07066445797681808,
        0.04414588585495949,
        0.03729286789894104,
        0.03415139392018318,
        0.0330050028860569,
        0.03137712553143501,
        0.030858956277370453,
        0.03073791414499283,
        0.030740465968847275,
        0.030729595571756363
    ]
}