{
    "svhn": [
        0.06933270345632361,
        0.059128082139460636,
        0.05610224254219019
    ],
    "cifar10": [
        0.05446879626207154,
        0.05132082923951367,
        0.05321966411396523
    ]
}