{
    "cars": [
        0.06930777430534363,
        0.049766309559345245,
        0.04526732116937637,
        0.04238276183605194,
        0.04123859852552414,
        0.040814340114593506,
        0.0408482663333416,
        0.04080307483673096,
        0.04075663909316063,
        0.040772780776023865
    ],
    "dtd": [
        0.1612616628408432,
        0.12403075397014618,
        0.11038954555988312,
        0.10799767822027206,
        0.10604376345872879,
        0.1059408187866211,
        0.10591816902160645,
        0.10587504506111145,
        0.10583201795816422,
        0.10583396255970001
    ],
    "eurosat": [
        0.1177983209490776,
        0.07400337606668472,
        0.06765919178724289,
        0.06144841015338898,
        0.05883033573627472,
        0.05800126492977142,
        0.058447640389204025,
        0.05798928812146187,
        0.057972341775894165,
        0.057960595935583115
    ],
    "gtsrb": [
        0.12012310326099396,
        0.0845341756939888,
        0.0755055695772171,
        0.07446695864200592,
        0.07360317558050156,
        0.071768619120121,
        0.07205141335725784,
        0.07157009094953537,
        0.0713803768157959,
        0.0713779404759407
    ]
}