{
    "results": {
        "Cars": [
            {
                "acc/test": 0.6677030324935913,
                "loss/test": 0.9388149380683899
            }
        ],
        "DTD": [
            {
                "acc/test": 0.4858156144618988,
                "loss/test": 1.9338980913162231
            }
        ],
        "EuroSAT": [
            {
                "acc/test": 0.7099074125289917,
                "loss/test": 0.8644671440124512
            }
        ],
        "GTSRB": [
            {
                "acc/test": 0.533174991607666,
                "loss/test": 1.580717921257019
            }
        ],
        "MNIST": [
            {
                "acc/test": 0.8729000091552734,
                "loss/test": 0.8632027506828308
            }
        ],
        "RESISC45": [
            {
                "acc/test": 0.7155555486679077,
                "loss/test": 0.8965455293655396
            }
        ],
        "SVHN": [
            {
                "acc/test": 0.6511985063552856,
                "loss/test": 1.2337384223937988
            }
        ],
        "SUN397": [
            {
                "acc/test": 0.674861490726471,
                "loss/test": 1.1322603225708008
            }
        ],
        "STL10": [
            {
                "acc/test": 0.9808750152587891,
                "loss/test": 0.07207365334033966
            }
        ],
        "OxfordIIITPet": [
            {
                "acc/test": 0.8917961120605469,
                "loss/test": 0.2893228828907013
            }
        ],
        "Flowers102": [
            {
                "acc/test": 0.7233696579933167,
                "loss/test": 1.335866928100586
            }
        ],
        "CIFAR100": [
            {
                "acc/test": 0.7382000088691711,
                "loss/test": 0.9930764436721802
            }
        ],
        "PCAM": [
            {
                "acc/test": 0.61224365234375,
                "loss/test": 0.8795907497406006
            }
        ],
        "FER2013": [
            {
                "acc/test": 0.43396487832069397,
                "loss/test": 1.9257842302322388
            }
        ],
        "average_of_tasks": 0.6922547093459538
    },
    "results_all_iters": {
        "0": {
            "Cars": [
                {
                    "acc/test": 0.6259171962738037,
                    "loss/test": 1.089281439781189
                }
            ],
            "DTD": [
                {
                    "acc/test": 0.457446813583374,
                    "loss/test": 2.0317864418029785
                }
            ],
            "EuroSAT": [
                {
                    "acc/test": 0.5387963056564331,
                    "loss/test": 1.3657138347625732
                }
            ],
            "GTSRB": [
                {
                    "acc/test": 0.4321456849575043,
                    "loss/test": 2.148716688156128
                }
            ],
            "MNIST": [
                {
                    "acc/test": 0.5252000093460083,
                    "loss/test": 1.8299634456634521
                }
            ],
            "RESISC45": [
                {
                    "acc/test": 0.6644444465637207,
                    "loss/test": 1.0965020656585693
                }
            ],
            "SVHN": [
                {
                    "acc/test": 0.5237399935722351,
                    "loss/test": 1.791903018951416
                }
            ],
            "SUN397": [
                {
                    "acc/test": 0.6531485915184021,
                    "loss/test": 1.2246012687683105
                }
            ],
            "STL10": [
                {
                    "acc/test": 0.9821249842643738,
                    "loss/test": 0.07889693975448608
                }
            ],
            "OxfordIIITPet": [
                {
                    "acc/test": 0.8762605786323547,
                    "loss/test": 0.35562705993652344
                }
            ],
            "Flowers102": [
                {
                    "acc/test": 0.7062937021255493,
                    "loss/test": 1.2524031400680542
                }
            ],
            "CIFAR100": [
                {
                    "acc/test": 0.6578999757766724,
                    "loss/test": 1.3468555212020874
                }
            ],
            "PCAM": [
                {
                    "acc/test": 0.5350341796875,
                    "loss/test": 0.7507601380348206
                }
            ],
            "FER2013": [
                {
                    "acc/test": 0.3590136468410492,
                    "loss/test": 1.9129812717437744
                }
            ],
            "average_of_tasks": 0.6098190077713558
        },
        "1": {
            "Cars": [
                {
                    "acc/test": 0.6677030324935913,
                    "loss/test": 0.9388149380683899
                }
            ],
            "DTD": [
                {
                    "acc/test": 0.4858156144618988,
                    "loss/test": 1.9338980913162231
                }
            ],
            "EuroSAT": [
                {
                    "acc/test": 0.7099074125289917,
                    "loss/test": 0.8644671440124512
                }
            ],
            "GTSRB": [
                {
                    "acc/test": 0.533174991607666,
                    "loss/test": 1.580717921257019
                }
            ],
            "MNIST": [
                {
                    "acc/test": 0.8729000091552734,
                    "loss/test": 0.8632027506828308
                }
            ],
            "RESISC45": [
                {
                    "acc/test": 0.7155555486679077,
                    "loss/test": 0.8965455293655396
                }
            ],
            "SVHN": [
                {
                    "acc/test": 0.6511985063552856,
                    "loss/test": 1.2337384223937988
                }
            ],
            "SUN397": [
                {
                    "acc/test": 0.674861490726471,
                    "loss/test": 1.1322603225708008
                }
            ],
            "STL10": [
                {
                    "acc/test": 0.9808750152587891,
                    "loss/test": 0.07207365334033966
                }
            ],
            "OxfordIIITPet": [
                {
                    "acc/test": 0.8917961120605469,
                    "loss/test": 0.2893228828907013
                }
            ],
            "Flowers102": [
                {
                    "acc/test": 0.7233696579933167,
                    "loss/test": 1.335866928100586
                }
            ],
            "CIFAR100": [
                {
                    "acc/test": 0.7382000088691711,
                    "loss/test": 0.9930764436721802
                }
            ],
            "PCAM": [
                {
                    "acc/test": 0.61224365234375,
                    "loss/test": 0.8795907497406006
                }
            ],
            "FER2013": [
                {
                    "acc/test": 0.43396487832069397,
                    "loss/test": 1.9257842302322388
                }
            ],
            "average_of_tasks": 0.6922547093459538
        }
    },
    "cfg": {
        "nn": {
            "data": {
                "dataset": {
                    "dataset_name": "CIFAR100",
                    "ft_epochs": 6,
                    "posthoc_epochs": 2,
                    "finegrained_epochs": 1,
                    "num_classes": 100
                },
                "accelerator": "gpu",
                "batch_size": {
                    "test": 128,
                    "train": 128,
                    "val": 128
                },