{
    "results": {
        "Cars": [
            {
                "acc/test": 0.6711851954460144,
                "loss/test": 0.9395990967750549
            }
        ],
        "DTD": [
            {
                "acc/test": 0.48404255509376526,
                "loss/test": 1.921247124671936
            }
        ],
        "EuroSAT": [
            {
                "acc/test": 0.7083796262741089,
                "loss/test": 0.8715882897377014
            }
        ],
        "GTSRB": [
            {
                "acc/test": 0.5347585082054138,
                "loss/test": 1.5767748355865479
            }
        ],
        "MNIST": [
            {
                "acc/test": 0.8740000128746033,
                "loss/test": 0.8556069135665894
            }
        ],
        "RESISC45": [
            {
                "acc/test": 0.7136508226394653,
                "loss/test": 0.89956134557724
            }
        ],
        "SVHN": [
            {
                "acc/test": 0.651889979839325,
                "loss/test": 1.2300254106521606
            }
        ],
        "SUN397": [
            {
                "acc/test": 0.6732997298240662,
                "loss/test": 1.1297556161880493
            }
        ],
        "STL10": [
            {
                "acc/test": 0.9800000190734863,
                "loss/test": 0.07255047559738159
            }
        ],
        "OxfordIIITPet": [
            {
                "acc/test": 0.8928863406181335,
                "loss/test": 0.2903513014316559
            }
        ],
        "Flowers102": [
            {
                "acc/test": 0.7241827845573425,
                "loss/test": 1.3297312259674072
            }
        ],
        "CIFAR100": [
            {
                "acc/test": 0.7394999861717224,
                "loss/test": 0.9862803816795349
            }
        ],
        "PCAM": [
            {
                "acc/test": 0.612884521484375,
                "loss/test": 0.8659010529518127
            }
        ],
        "FER2013": [
            {
                "acc/test": 0.4286709427833557,
                "loss/test": 1.9268275499343872
            }
        ],
        "average_of_tasks": 0.6920950732060841
    },
    "results_all_iters": {
        "0": {
            "Cars": [
                {
                    "acc/test": 0.6251710057258606,
                    "loss/test": 1.082756519317627
                }
            ],
            "DTD": [
                {
                    "acc/test": 0.457446813583374,
                    "loss/test": 2.0268983840942383
                }
            ],
            "EuroSAT": [
                {
                    "acc/test": 0.5380092859268188,
                    "loss/test": 1.364915370941162
                }
            ],
            "GTSRB": [
                {
                    "acc/test": 0.4315914511680603,
                    "loss/test": 2.146998167037964
                }
            ],
            "MNIST": [
                {
                    "acc/test": 0.5194000005722046,
                    "loss/test": 1.8295494318008423
                }
            ],
            "RESISC45": [
                {
                    "acc/test": 0.6611111164093018,
                    "loss/test": 1.101861596107483
                }
            ],
            "SVHN": [
                {
                    "acc/test": 0.5195912718772888,
                    "loss/test": 1.792858600616455
                }
            ],
            "SUN397": [
                {
                    "acc/test": 0.6511839032173157,
                    "loss/test": 1.2230064868927002
                }
            ],
            "STL10": [
                {
                    "acc/test": 0.981124997138977,
                    "loss/test": 0.07914797961711884
                }
            ],
            "OxfordIIITPet": [
                {
                    "acc/test": 0.875715434551239,
                    "loss/test": 0.35609373450279236
                }
            ],
            "Flowers102": [
                {
                    "acc/test": 0.70596843957901,
                    "loss/test": 1.2496404647827148
                }
            ],
            "CIFAR100": [
                {
                    "acc/test": 0.6635000109672546,
                    "loss/test": 1.3374629020690918
                }
            ],
            "PCAM": [
                {
                    "acc/test": 0.53973388671875,
                    "loss/test": 0.7499364018440247
                }
            ],
            "FER2013": [
                {
                    "acc/test": 0.3566453158855438,
                    "loss/test": 1.9175437688827515
                }
            ],
            "average_of_tasks": 0.6090137809514999
        },
        "1": {
            "Cars": [
                {
                    "acc/test": 0.6711851954460144,
                    "loss/test": 0.9395990967750549
                }
            ],
            "DTD": [
                {
                    "acc/test": 0.48404255509376526,
                    "loss/test": 1.921247124671936
                }
            ],
            "EuroSAT": [
                {
                    "acc/test": 0.7083796262741089,
                    "loss/test": 0.8715882897377014
                }
            ],
            "GTSRB": [
                {
                    "acc/test": 0.5347585082054138,
                    "loss/test": 1.5767748355865479
                }
            ],
            "MNIST": [
                {
                    "acc/test": 0.8740000128746033,
                    "loss/test": 0.8556069135665894
                }
            ],
            "RESISC45": [
                {
                    "acc/test": 0.7136508226394653,
                    "loss/test": 0.89956134557724
                }
            ],
            "SVHN": [
                {
                    "acc/test": 0.651889979839325,
                    "loss/test": 1.2300254106521606
                }
            ],
            "SUN397": [
                {
                    "acc/test": 0.6732997298240662,
                    "loss/test": 1.1297556161880493
                }
            ],
            "STL10": [
                {
                    "acc/test": 0.9800000190734863,
                    "loss/test": 0.07255047559738159
                }
            ],
            "OxfordIIITPet": [
                {
                    "acc/test": 0.8928863406181335,
                    "loss/test": 0.2903513014316559
                }
            ],
            "Flowers102": [
                {
                    "acc/test": 0.7241827845573425,
                    "loss/test": 1.3297312259674072
                }
            ],
            "CIFAR100": [
                {
                    "acc/test": 0.7394999861717224,
                    "loss/test": 0.9862803816795349
                }
            ],
            "PCAM": [
                {
                    "acc/test": 0.612884521484375,
                    "loss/test": 0.8659010529518127
                }
            ],
            "FER2013": [
                {
                    "acc/test": 0.4286709427833557,
                    "loss/test": 1.9268275499343872
                }
            ],
            "average_of_tasks": 0.6920950732060841
        }
    },
    "cfg": {
        "nn": {
            "data": {
                "dataset": {
                    "dataset_name": "CIFAR100",
                    "ft_epochs": 6,
                    "posthoc_epochs": 2,
                    "finegrained_epochs": 1,
                    "num_classes": 100
                },
                "accelerator": "gpu",
                "batch_size": {
                    "test": 128,
                    "train": 128,
                    "val": 128
                },