{
    "results": {
        "Cars": [
            {
                "acc/test": 0.616714358329773,
                "loss/test": 1.1165953874588013
            }
        ],
        "DTD": [
            {
                "acc/test": 0.43971630930900574,
                "loss/test": 2.109492063522339
            }
        ],
        "EuroSAT": [
            {
                "acc/test": 0.5011110901832581,
                "loss/test": 1.43263840675354
            }
        ],
        "GTSRB": [
            {
                "acc/test": 0.9794141054153442,
                "loss/test": 0.1049802303314209
            }
        ],
        "MNIST": [
            {
                "acc/test": 0.6944000124931335,
                "loss/test": 1.3477823734283447
            }
        ],
        "RESISC45": [
            {
                "acc/test": 0.644444465637207,
                "loss/test": 1.1480326652526855
            }
        ],
        "SVHN": [
            {
                "acc/test": 0.5949984788894653,
                "loss/test": 1.4473618268966675
            }
        ],
        "SUN397": [
            {
                "acc/test": 0.6497732996940613,
                "loss/test": 1.2227967977523804
            }
        ],
        "STL10": [
            {
                "acc/test": 0.9786249995231628,
                "loss/test": 0.08369822055101395
            }
        ],
        "OxfordIIITPet": [
            {
                "acc/test": 0.8631779551506042,
                "loss/test": 0.37248995900154114
            }
        ],
        "Flowers102": [
            {
                "acc/test": 0.6879167556762695,
                "loss/test": 1.3919415473937988
            }
        ],
        "CIFAR100": [
            {
                "acc/test": 0.6284000277519226,
                "loss/test": 1.412800908088684
            }
        ],
        "PCAM": [
            {
                "acc/test": 0.558258056640625,
                "loss/test": 0.7802718281745911
            }
        ],
        "FER2013": [
            {
                "acc/test": 0.3202841877937317,
                "loss/test": 2.1255226135253906
            }
        ],
        "average_of_tasks": 0.6540881501776832
    },
    "results_all_iters": {
        "0": {
            "Cars": [
                {
                    "acc/test": 0.6259171962738037,
                    "loss/test": 1.089281439781189
                }
            ],
            "DTD": [
                {
                    "acc/test": 0.457446813583374,
                    "loss/test": 2.0317864418029785
                }
            ],
            "EuroSAT": [
                {
                    "acc/test": 0.5387963056564331,
                    "loss/test": 1.3657138347625732
                }
            ],
            "GTSRB": [
                {
                    "acc/test": 0.4321456849575043,
                    "loss/test": 2.148716688156128
                }
            ],
            "MNIST": [
                {
                    "acc/test": 0.5252000093460083,
                    "loss/test": 1.8299634456634521
                }
            ],
            "RESISC45": [
                {
                    "acc/test": 0.6644444465637207,
                    "loss/test": 1.0965020656585693
                }
            ],
            "SVHN": [
                {
                    "acc/test": 0.5237399935722351,
                    "loss/test": 1.791903018951416
                }
            ],
            "SUN397": [
                {
                    "acc/test": 0.6531485915184021,
                    "loss/test": 1.2246012687683105
                }
            ],
            "STL10": [
                {
                    "acc/test": 0.9821249842643738,
                    "loss/test": 0.07889693975448608
                }
            ],
            "OxfordIIITPet": [
                {
                    "acc/test": 0.8762605786323547,
                    "loss/test": 0.35562705993652344
                }
            ],
            "Flowers102": [
                {
                    "acc/test": 0.7062937021255493,
                    "loss/test": 1.2524031400680542
                }
            ],
            "CIFAR100": [
                {
                    "acc/test": 0.6578999757766724,
                    "loss/test": 1.3468555212020874
                }
            ],
            "PCAM": [
                {
                    "acc/test": 0.5350341796875,
                    "loss/test": 0.7507601380348206
                }
            ],
            "FER2013": [
                {
                    "acc/test": 0.3590136468410492,
                    "loss/test": 1.9129812717437744
                }
            ],
            "average_of_tasks": 0.6098190077713558
        },
        "1": {
            "Cars": [
                {
                    "acc/test": 0.616714358329773,
                    "loss/test": 1.1165953874588013
                }
            ],
            "DTD": [
                {
                    "acc/test": 0.43971630930900574,
                    "loss/test": 2.109492063522339
                }
            ],
            "EuroSAT": [
                {
                    "acc/test": 0.5011110901832581,
                    "loss/test": 1.43263840675354
                }
            ],
            "GTSRB": [
                {
                    "acc/test": 0.9794141054153442,
                    "loss/test": 0.1049802303314209
                }
            ],
            "MNIST": [
                {
                    "acc/test": 0.6944000124931335,
                    "loss/test": 1.3477823734283447
                }
            ],
            "RESISC45": [
                {
                    "acc/test": 0.644444465637207,
                    "loss/test": 1.1480326652526855
                }
            ],
            "SVHN": [
                {
                    "acc/test": 0.5949984788894653,
                    "loss/test": 1.4473618268966675
                }
            ],
            "SUN397": [
                {
                    "acc/test": 0.6497732996940613,
                    "loss/test": 1.2227967977523804
                }
            ],
            "STL10": [
                {
                    "acc/test": 0.9786249995231628,
                    "loss/test": 0.08369822055101395
                }
            ],
            "OxfordIIITPet": [
                {
                    "acc/test": 0.8631779551506042,
                    "loss/test": 0.37248995900154114
                }
            ],
            "Flowers102": [
                {
                    "acc/test": 0.6879167556762695,
                    "loss/test": 1.3919415473937988
                }
            ],
            "CIFAR100": [
                {
                    "acc/test": 0.6284000277519226,
                    "loss/test": 1.412800908088684
                }
            ],
            "PCAM": [
                {
                    "acc/test": 0.558258056640625,
                    "loss/test": 0.7802718281745911
                }
            ],
            "FER2013": [
                {
                    "acc/test": 0.3202841877937317,
                    "loss/test": 2.1255226135253906
                }
            ],
            "average_of_tasks": 0.6540881501776832
        }
    },
    "cfg": {
        "nn": {
            "data": {
                "dataset": {
                    "dataset_name": "CIFAR100",
                    "ft_epochs": 6,
                    "posthoc_epochs": 2,
                    "finegrained_epochs": 1,
                    "num_classes": 100
                },
                "accelerator": "gpu",
                "batch_size": {
                    "test": 128,
                    "train": 128,
                    "val": 128
                },