{
    "CIFAR100": [
        {
            "acc/test": 0.6715999841690063,
            "loss/test": 1.2972533702850342
        }
    ],
    "DTD": [
        {
            "acc/test": 0.4878048896789551,
            "loss/test": 1.9495242834091187
        }
    ],
    "EuroSAT": [
        {
            "acc/test": 0.5415740609169006,
            "loss/test": 1.3662919998168945
        }
    ],
    "GTSRB": [
        {
            "acc/test": 0.41591590642929077,
            "loss/test": 2.160316228866577
        }
    ],
    "MNIST": [
        {
            "acc/test": 0.5094000101089478,
            "loss/test": 1.8460993766784668
        }
    ],
    "RESISC45": [
        {
            "acc/test": 0.6682539582252502,
            "loss/test": 1.069920301437378
        }
    ],
    "SVHN": [
        {
            "acc/test": 0.4503999948501587,
            "loss/test": 1.8357601165771484
        }
    ],
    "Cars": [
        {
            "acc/test": 0.6081081032752991,
            "loss/test": 1.082598090171814
        }
    ],
    "CIFAR10": [
        {
            "acc/test": 0.8998000025749207,
            "loss/test": 0.3317486047744751
        }
    ],
    "EMNIST": [
        {
            "acc/test": 0.19280000030994415,
            "loss/test": 2.2958946228027344
        }
    ],
    "FashionMNIST": [
        {
            "acc/test": 0.6320000290870667,
            "loss/test": 1.1026122570037842
        }
    ],
    "FER2013": [
        {
            "acc/test": 0.3665505349636078,
            "loss/test": 1.8986161947250366
        }
    ],
    "Flowers102": [
        {
            "acc/test": 0.656862735748291,
            "loss/test": 1.341886281967163
        }
    ],
    "Food101": [
        {
            "acc/test": 0.8366000056266785,
            "loss/test": 0.5918623805046082
        }
    ],
    "KMNIST": [
        {
            "acc/test": 0.10159999877214432,
            "loss/test": 2.448333263397217
        }
    ],
    "OxfordIIITPet": [
        {
            "acc/test": 0.845108687877655,
            "loss/test": 0.48009854555130005
        }
    ],
    "PCAM": [
        {
            "acc/test": 0.4912000000476837,
            "loss/test": 0.7833211421966553
        }
    ],
    "RenderedSST2": [
        {
            "acc/test": 0.5794797539710999,
            "loss/test": 0.6656250357627869
        }
    ],
    "STL10": [
        {
            "acc/test": 0.9700000286102295,
            "loss/test": 0.11294353753328323
        }
    ],
    "SUN397": [
        {
            "acc/test": 0.6518891453742981,
            "loss/test": 1.2275593280792236
        }
    ]
}