{
    "results": {
        "Cars": [
            {
                "acc/test": 0.6645939350128174,
                "loss/test": 0.9559692740440369
            }
        ],
        "DTD": [
            {
                "acc/test": 0.47340425848960876,
                "loss/test": 1.9643080234527588
            }
        ],
        "EuroSAT": [
            {
                "acc/test": 0.64083331823349,
                "loss/test": 1.0683220624923706
            }
        ],
        "GTSRB": [
            {
                "acc/test": 0.5110847353935242,
                "loss/test": 1.685857892036438
            }
        ],
        "MNIST": [
            {
                "acc/test": 0.8493000268936157,
                "loss/test": 0.9230799674987793
            }
        ],
        "RESISC45": [
            {
                "acc/test": 0.6992063522338867,
                "loss/test": 0.9575384259223938
            }
        ],
        "SVHN": [
            {
                "acc/test": 0.6403272747993469,
                "loss/test": 1.2847669124603271
            }
        ],
        "SUN397": [
            {
                "acc/test": 0.6712846159934998,
                "loss/test": 1.142366886138916
            }
        ],
        "STL10": [
            {
                "acc/test": 0.9810000061988831,
                "loss/test": 0.0721169039607048
            }
        ],
        "OxfordIIITPet": [
            {
                "acc/test": 0.8882529139518738,
                "loss/test": 0.30161842703819275
            }
        ],
        "Flowers102": [
            {
                "acc/test": 0.7193039655685425,
                "loss/test": 1.3159085512161255
            }
        ],
        "CIFAR100": [
            {
                "acc/test": 0.7354999780654907,
                "loss/test": 0.9806394577026367
            }
        ],
        "PCAM": [
            {
                "acc/test": 0.61004638671875,
                "loss/test": 0.8949813842773438
            }
        ],
        "FER2013": [
            {
                "acc/test": 0.4054054021835327,
                "loss/test": 1.9809166193008423
            }
        ],
        "CIFAR10": [
            {
                "acc/test": 0.9381999969482422,
                "loss/test": 0.19071801006793976
            }
        ],
        "Food101": [
            {
                "acc/test": 0.870851457118988,
                "loss/test": 0.4458722174167633
            }
        ],
        "FashionMNIST": [
            {
                "acc/test": 0.7189000248908997,
                "loss/test": 0.8217600584030151
            }
        ],
        "RenderedSST2": [
            {
                "acc/test": 0.6161449551582336,
                "loss/test": 0.6560651063919067
            }
        ],
        "EMNIST": [
            {
                "acc/test": 0.2989499866962433,
                "loss/test": 2.1332457065582275
            }
        ],
        "KMNIST": [
            {
                "acc/test": 0.1080000028014183,
                "loss/test": 2.630341053009033
            }
        ],
        "average_of_tasks": 0.6520294796675443
    },
    "cfg": {
        "nn": {
            "data": {
                "dataset": {
                    "dataset_name": "CIFAR100",
                    "ft_epochs": 6,
                    "posthoc_epochs": 2,
                    "finegrained_epochs": 1,
                    "num_classes": 100
                },
                "accelerator": "gpu",
                "batch_size": {
                    "test": 128,
                    "train": 128,
                    "val": 128
                },
                "data_path": "/mnt/KS_2TB/PARA/Projects/ATM/Alternating-Tuning-and-Merging/data",
                "num_workers": {
                    "test": 0,
                    "train": 4,
                    "val": 2
                },
                "train_dataset": "CIFAR100Val"
            },
            "module": {
                "_target_": "tvp.pl_module.image_classifier.ImageClassifier",
                "x_key": "x",
                "y_key": "y",
                "encoder": "??",
                "classifier": "??",
                "optimizer": {
                    "_target_": "torch.optim.AdamW",
                    "lr": 1e-05,
                    "weight_decay": 0.1
                },
                "lr_scheduler": {
                    "_target_": "tvp.modules.cosine_annealing_lr_scheduler.CosineAnnealingLRScheduler",
                    "warmup_length": 200,
                    "total_steps": -42
                },
                "model": {
                    "_target_": "tvp.modules.encoder.ImageEncoder",
                    "model_name": "ViT-B-16",
                    "openclip_cachedir": "/mnt/KS_2TB/PARA/Projects/ATM/Alternating-Tuning-and-Merging/checkpoints/openclip_cache",
                    "cache_dir": null,
                    "keep_lang": "??"
                }
            }
        },
        "train": {
            "seed_index": 0,
            "deterministic": false,
            "trainer": {
                "fast_dev_run": false,
                "accelerator": "gpu",
                "devices": 1,
                "precision": 32,
                "max_steps": -1,
                "num_sanity_val_steps": 2,
                "gradient_clip_val": 10.0,
                "val_check_interval": 1.0,
                "deterministic": false
            },
            "restore": {
                "ckpt_or_run_path": null,
                "mode": null
            },
            "monitor": {
                "metric": "loss/train",
                "mode": "min"
            },
            "callbacks": [
                {
                    "_target_": "pytorch_lightning.callbacks.progress.tqdm_progress.TQDMProgressBar",
                    "refresh_rate": 1
                }
            ],
            "logging": {
                "upload": {
                    "run_files": false,
                    "source": true
                },
                "logger": {
                    "_target_": "lightning.pytorch.loggers.WandbLogger",
                    "project": "task-vectors-playground",
                    "entity": "dansolombrinoandfriends",
                    "log_model": false,
                    "mode": "online",
                    "tags": [
                        "dev"
                    ]
                }
            }
        },
        "conventions": {
            "x_key": "x",
            "y_key": "y"
        },
        "core": {
            "entity": "dansolombrinoandfriends",
            "project_name": "task-vectors-playground",
            "storage_dir": "/mnt/KS_2TB/PARA/Projects/ATM/Alternating-Tuning-and-Merging/storage",
            "tags": [
                "dev"
            ],
            "version": "0.0.1"
        },
        "epoch_divisor": "None",
        "eval_datasets": [
            "Cars",
            "DTD",
            "EuroSAT",
            "GTSRB",
            "MNIST",
            "RESISC45",
            "SVHN",
            "SUN397",
            "STL10",
            "OxfordIIITPet",
            "Flowers102",
            "CIFAR100",
            "PCAM",
            "FER2013",
            "CIFAR10",
            "Food101",
            "FashionMNIST",
            "RenderedSST2",
            "EMNIST",
            "KMNIST"
        ],
        "eval_on_train": false,
        "misc": {
            "cache_dir": null,
            "ckpt_path": "/mnt/KS_2TB/PARA/Projects/ATM/Alternating-Tuning-and-Merging/checkpoints/ViT-B-16",
            "openclip_cachedir": "/mnt/KS_2TB/PARA/Projects/ATM/Alternating-Tuning-and-Merging/checkpoints/openclip_cache",
            "pretrained_checkpoint": "/mnt/KS_2TB/PARA/Projects/ATM/Alternating-Tuning-and-Merging/checkpoints/ViT-B-16/zeroshot.pt"
        },
        "order": 1,
        "seed_index": 0,