{
    "results": {
        "DTD": [
            {
                "acc/test": 0.5070921778678894,
                "loss/test": 1.8269575834274292
            }
        ],
        "GTSRB": [
            {
                "acc/test": 0.6363420486450195,
                "loss/test": 1.2000268697738647
            }
        ],
        "EuroSAT": [
            {
                "acc/test": 0.8427777886390686,
                "loss/test": 0.5496842861175537
            }
        ],
        "RESISC45": [
            {
                "acc/test": 0.7534920573234558,
                "loss/test": 0.7575245499610901
            }
        ],
        "CIFAR100": [
            {
                "acc/test": 0.7530999779701233,
                "loss/test": 0.9543443322181702
            }
        ],
        "MNIST": [
            {
                "acc/test": 0.949400007724762,
                "loss/test": 0.34449532628059387
            }
        ],
        "SVHN": [
            {
                "acc/test": 0.7647894620895386,
                "loss/test": 0.815657913684845
            }
        ],
        "average_of_tasks": 0.7438562171799796
    },
    "results_all_iters": {
        "0": {
            "DTD": [
                {
                    "acc/test": 0.44237589836120605,
                    "loss/test": 2.0307047367095947
                }
            ],
            "GTSRB": [
                {
                    "acc/test": 0.43198734521865845,
                    "loss/test": 2.146383762359619
                }
            ],
            "EuroSAT": [
                {
                    "acc/test": 0.5395833253860474,
                    "loss/test": 1.3668423891067505
                }
            ],
            "RESISC45": [
                {
                    "acc/test": 0.6596825122833252,
                    "loss/test": 1.0952632427215576
                }
            ],
            "CIFAR100": [
                {
                    "acc/test": 0.6607000231742859,
                    "loss/test": 1.3421093225479126
                }
            ],
            "MNIST": [
                {
                    "acc/test": 0.5260000228881836,
                    "loss/test": 1.830724835395813
                }
            ],
            "SVHN": [
                {
                    "acc/test": 0.5230485796928406,
                    "loss/test": 1.7919886112213135
                }
            ],
            "average_of_tasks": 0.5404825295720782
        },
        "1": {
            "DTD": [
                {
                    "acc/test": 0.4822694957256317,
                    "loss/test": 1.868605136871338
                }
            ],
            "GTSRB": [
                {
                    "acc/test": 0.5322248339653015,
                    "loss/test": 1.6136220693588257
                }
            ],
            "EuroSAT": [
                {
                    "acc/test": 0.7372221946716309,
                    "loss/test": 0.8310726881027222
                }
            ],
            "RESISC45": [
                {
                    "acc/test": 0.7233333587646484,
                    "loss/test": 0.8465855717658997
                }
            ],
            "CIFAR100": [
                {
                    "acc/test": 0.7404000163078308,
                    "loss/test": 0.9407892823219299
                }
            ],
            "MNIST": [
                {
                    "acc/test": 0.871399998664856,
                    "loss/test": 0.9653444290161133
                }
            ],
            "SVHN": [
                {
                    "acc/test": 0.6702520251274109,
                    "loss/test": 1.2171412706375122
                }
            ],
            "average_of_tasks": 0.6795859890324729
        },
        "2": {
            "DTD": [
                {
                    "acc/test": 0.5070921778678894,
                    "loss/test": 1.8269575834274292
                }
            ],
            "GTSRB": [
                {
                    "acc/test": 0.6363420486450195,
                    "loss/test": 1.2000268697738647
                }
            ],
            "EuroSAT": [
                {
                    "acc/test": 0.8427777886390686,
                    "loss/test": 0.5496842861175537
                }
            ],
            "RESISC45": [
                {
                    "acc/test": 0.7534920573234558,
                    "loss/test": 0.7575245499610901
                }
            ],
            "CIFAR100": [
                {
                    "acc/test": 0.7530999779701233,
                    "loss/test": 0.9543443322181702
                }
            ],
            "MNIST": [
                {
                    "acc/test": 0.949400007724762,
                    "loss/test": 0.34449532628059387
                }
            ],
            "SVHN": [
                {
                    "acc/test": 0.7647894620895386,
                    "loss/test": 0.815657913684845
                }
            ],
            "average_of_tasks": 0.7438562171799796
        }
    },
    "cfg": {
        "nn": {
            "data": {
                "dataset": {
                    "dataset_name": "CIFAR100",
                    "ft_epochs": 6,
                    "posthoc_epochs": 2,
                    "finegrained_epochs": 1,
                    "num_classes": 100
                },
                "accelerator": "gpu",
                "batch_size": {
                    "test": 128,
                    "train": 128,
                    "val": 128
                },
                "data_path": "/mnt/KS_2TB/PARA/Projects/ATM/Alternating-Tuning-and-Merging/data",
                "num_workers": {
                    "test": 0,
                    "train": 4,
                    "val": 2
                },
                "train_dataset": "CIFAR100Val"
            },
            "module": {
                "_target_": "tvp.pl_module.image_classifier.ImageClassifier",
                "x_key": "x",
                "y_key": "y",
                "encoder": "??",
                "classifier": "??",
                "optimizer": {
                    "_target_": "torch.optim.AdamW",
                    "lr": 1e-05,
                    "weight_decay": 0.1
                },
                "model": {
                    "_target_": "tvp.modules.encoder.ImageEncoder",
                    "model_name": "ViT-B-16",
                    "openclip_cachedir": "/mnt/KS_2TB/PARA/Projects/ATM/Alternating-Tuning-and-Merging/checkpoints/openclip_cache",
                    "cache_dir": null,
                    "keep_lang": "??"
                },
                "lr_scheduler": {
                    "warmup_steps_or_ratio": 200
                }
            }
        },
        "train": {
            "seed_index": 0,
            "deterministic": false,
            "trainer": {
                "fast_dev_run": false,
                "accelerator": "gpu",
                "devices": 1,
                "precision": 32,
                "max_steps": -1,
                "num_sanity_val_steps": 2,
                "gradient_clip_val": 10.0,
                "val_check_interval": 1.0,
                "deterministic": false
            },
            "restore": {
                "ckpt_or_run_path": null,
                "mode": null
            },
            "monitor": {
                "metric": "loss/train",
                "mode": "min"
            },
            "callbacks": [
                {
                    "_target_": "pytorch_lightning.callbacks.progress.tqdm_progress.TQDMProgressBar",
                    "refresh_rate": 1
                }
            ],
            "logging": {
                "upload": {
                    "run_files": false,
                    "source": true
                },