{
    "results": {
        "Cars": [
            {
                "acc/test": 0.6499191522598267,
                "loss/test": 0.9992375373840332
            }
        ],
        "DTD": [
            {
                "acc/test": 0.4680851101875305,
                "loss/test": 1.9319909811019897
            }
        ],
        "EuroSAT": [
            {
                "acc/test": 0.6731481552124023,
                "loss/test": 0.9896174073219299
            }
        ],
        "GTSRB": [
            {
                "acc/test": 0.5217735767364502,
                "loss/test": 1.7239229679107666
            }
        ],
        "MNIST": [
            {
                "acc/test": 0.8095999956130981,
                "loss/test": 1.0514626502990723
            }
        ],
        "RESISC45": [
            {
                "acc/test": 0.7039682269096375,
                "loss/test": 0.9383231997489929
            }
        ],
        "SVHN": [
            {
                "acc/test": 0.6318377256393433,
                "loss/test": 1.3530282974243164
            }
        ],
        "SUN397": [
            {
                "acc/test": 0.6678589582443237,
                "loss/test": 1.1428837776184082
            }
        ],
        "STL10": [
            {
                "acc/test": 0.9828749895095825,
                "loss/test": 0.06844720989465714
            }
        ],
        "OxfordIIITPet": [
            {
                "acc/test": 0.8852548599243164,
                "loss/test": 0.31619319319725037
            }
        ],
        "Flowers102": [
            {
                "acc/test": 0.7137746214866638,
                "loss/test": 1.2696812152862549
            }
        ],
        "CIFAR100": [
            {
                "acc/test": 0.7321000099182129,
                "loss/test": 0.9606213569641113
            }
        ],
        "PCAM": [
            {
                "acc/test": 0.6287841796875,
                "loss/test": 0.7482621073722839
            }
        ],
        "FER2013": [
            {
                "acc/test": 0.41794371604919434,
                "loss/test": 1.862608790397644
            }
        ],
        "CIFAR10": [
            {
                "acc/test": 0.9376000165939331,
                "loss/test": 0.19297248125076294
            }
        ],
        "Food101": [
            {
                "acc/test": 0.8777029514312744,
                "loss/test": 0.4186455309391022
            }
        ],
        "FashionMNIST": [
            {
                "acc/test": 0.7246999740600586,
                "loss/test": 0.8103039860725403
            }
        ],
        "RenderedSST2": [
            {
                "acc/test": 0.6210873126983643,
                "loss/test": 0.6523619890213013
            }
        ],
        "EMNIST": [
            {
                "acc/test": 0.2773750126361847,
                "loss/test": 2.1301491260528564
            }
        ],
        "KMNIST": [
            {
                "acc/test": 0.10779999941587448,
                "loss/test": 2.522298574447632
            }
        ],
        "average_of_tasks": 0.6516594272106886
    },
    "cfg": {
        "nn": {
            "data": {
                "dataset": {
                    "dataset_name": "CIFAR100",
                    "ft_epochs": 6,
                    "posthoc_epochs": 2,
                    "finegrained_epochs": 1,
                    "num_classes": 100
                },
                "accelerator": "gpu",
                "batch_size": {
                    "test": 128,
                    "train": 128,
                    "val": 128
                },
                "data_path": "/mnt/KS_2TB/PARA/Projects/ATM/Alternating-Tuning-and-Merging/data",
                "num_workers": {
                    "test": 0,
                    "train": 4,
                    "val": 2
                },
                "train_dataset": "CIFAR100Val"
            },
            "module": {
                "_target_": "tvp.pl_module.image_classifier.ImageClassifier",
                "x_key": "x",
                "y_key": "y",
                "encoder": "??",
                "classifier": "??",
                "optimizer": {
                    "_target_": "torch.optim.AdamW",
                    "lr": 1e-05,
                    "weight_decay": 0.1
                },
                "model": {
                    "_target_": "tvp.modules.encoder.ImageEncoder",
                    "model_name": "ViT-B-16",
                    "openclip_cachedir": "/mnt/KS_2TB/PARA/Projects/ATM/Alternating-Tuning-and-Merging/checkpoints/openclip_cache",
                    "cache_dir": null,
                    "keep_lang": "??"
                },
                "lr_scheduler": {
                    "warmup_steps_or_ratio": 0.1
                }
            }
        },
        "train": {
            "seed_index": 0,
            "deterministic": false,
            "trainer": {
                "fast_dev_run": false,
                "accelerator": "gpu",
                "devices": 1,
                "precision": 32,
                "max_steps": -1,
                "num_sanity_val_steps": 2,
                "gradient_clip_val": 10.0,
                "val_check_interval": 1.0,
                "deterministic": false
            },
            "restore": {
                "ckpt_or_run_path": null,
                "mode": null
            },
            "monitor": {
                "metric": "loss/train",
                "mode": "min"
            },
            "callbacks": [
                {
                    "_target_": "pytorch_lightning.callbacks.progress.tqdm_progress.TQDMProgressBar",
                    "refresh_rate": 1
                }
            ],
            "logging": {
                "upload": {
                    "run_files": false,
                    "source": true
                },
                "logger": {
                    "_target_": "lightning.pytorch.loggers.WandbLogger",
                    "project": "task-vectors-playground",
                    "entity": "dansolombrinoandfriends",
                    "log_model": false,
                    "mode": "online",
                    "tags": [
                        "dev"
                    ]
                }
            }
        },
        "conventions": {
            "x_key": "x",
            "y_key": "y"
        },
        "core": {
            "entity": "dansolombrinoandfriends",
            "project_name": "task-vectors-playground",
            "storage_dir": "/mnt/KS_2TB/PARA/Projects/ATM/Alternating-Tuning-and-Merging/storage",
            "tags": [
                "dev"
            ],
            "version": "0.0.1"
        },
        "epoch_divisor": "None",
        "eval_datasets": [
            "Cars",
            "DTD",
            "EuroSAT",
            "GTSRB",
            "MNIST",
            "RESISC45",
            "SVHN",
            "SUN397",
            "STL10",
            "OxfordIIITPet",
            "Flowers102",
            "CIFAR100",
            "PCAM",
            "FER2013",
            "CIFAR10",
            "Food101",
            "FashionMNIST",
            "RenderedSST2",
            "EMNIST",
            "KMNIST"
        ],
        "eval_on_train": false,
        "misc": {
            "cache_dir": null,
            "ckpt_path": "/mnt/KS_2TB/PARA/Projects/ATM/Alternating-Tuning-and-Merging/checkpoints/ViT-B-16",
            "openclip_cachedir": "/mnt/KS_2TB/PARA/Projects/ATM/Alternating-Tuning-and-Merging/checkpoints/openclip_cache",
            "pretrained_checkpoint": "/mnt/KS_2TB/PARA/Projects/ATM/Alternating-Tuning-and-Merging/checkpoints/ViT-B-16/zeroshot.pt"
        },
        "order": 1,
        "seed_index": 0,
        "task_vectors": {
            "aggregator": {
                "_target_": "tvp.task_vectors.aggregator.SumAggregator",
                "mean": true
            },