{
    "results": {
        "Cars": [
            {
                "acc/test": 0.6541475057601929,
                "loss/test": 1.0191305875778198
            }
        ],
        "DTD": [
            {
                "acc/test": 0.46719858050346375,
                "loss/test": 2.023366928100586
            }
        ],
        "EuroSAT": [
            {
                "acc/test": 0.6623610854148865,
                "loss/test": 1.0291589498519897
            }
        ],
        "GTSRB": [
            {
                "acc/test": 0.5288994312286377,
                "loss/test": 1.625240445137024
            }
        ],
        "MNIST": [
            {
                "acc/test": 0.8788999915122986,
                "loss/test": 0.7515334486961365
            }
        ],
        "RESISC45": [
            {
                "acc/test": 0.6871428489685059,
                "loss/test": 1.001967191696167
            }
        ],
        "SVHN": [
            {
                "acc/test": 0.6472802758216858,
                "loss/test": 1.2372870445251465
            }
        ],
        "SUN397": [
            {
                "acc/test": 0.6694206595420837,
                "loss/test": 1.1466903686523438
            }
        ],
        "STL10": [
            {
                "acc/test": 0.9756249785423279,
                "loss/test": 0.0858137458562851
            }
        ],
        "OxfordIIITPet": [
            {
                "acc/test": 0.87953120470047,
                "loss/test": 0.3111312687397003
            }
        ],
        "Flowers102": [
            {
                "acc/test": 0.6949097514152527,
                "loss/test": 1.439955472946167
            }
        ],
        "CIFAR100": [
            {
                "acc/test": 0.7218000292778015,
                "loss/test": 1.041686773300171
            }
        ],
        "PCAM": [
            {
                "acc/test": 0.628509521484375,
                "loss/test": 0.7678357362747192
            }
        ],
        "FER2013": [
            {
                "acc/test": 0.38269713521003723,
                "loss/test": 2.0353503227233887
            }
        ],
        "CIFAR10": [
            {
                "acc/test": 0.9369999766349792,
                "loss/test": 0.19370333850383759
            }
        ],
        "Food101": [
            {
                "acc/test": 0.847603976726532,
                "loss/test": 0.5286704301834106
            }
        ],
        "FashionMNIST": [
            {
                "acc/test": 0.7027000188827515,
                "loss/test": 0.8362293839454651
            }
        ],
        "RenderedSST2": [
            {
                "acc/test": 0.6177924275398254,
                "loss/test": 0.6544169783592224
            }
        ],
        "EMNIST": [
            {
                "acc/test": 0.31882500648498535,
                "loss/test": 2.1075832843780518
            }
        ],
        "KMNIST": [
            {
                "acc/test": 0.10409999638795853,
                "loss/test": 2.751434087753296
            }
        ],
        "average_of_tasks": 0.6503222201019525
    },
    "cfg": {
        "nn": {
            "data": {
                "dataset": {
                    "dataset_name": "CIFAR100",
                    "ft_epochs": 6,
                    "posthoc_epochs": 2,
                    "finegrained_epochs": 1,
                    "num_classes": 100
                },
                "accelerator": "gpu",
                "batch_size": {
                    "test": 128,
                    "train": 128,
                    "val": 128
                },
                "data_path": "/mnt/KS_2TB/PARA/Projects/ATM/Alternating-Tuning-and-Merging/data",
                "num_workers": {
                    "test": 0,
                    "train": 4,
                    "val": 2
                },
                "train_dataset": "CIFAR100Val"
            },
            "module": {
                "_target_": "tvp.pl_module.image_classifier.ImageClassifier",
                "x_key": "x",
                "y_key": "y",
                "encoder": "??",
                "classifier": "??",
                "optimizer": {
                    "_target_": "torch.optim.Adam",
                    "lr": 1e-05,
                    "weight_decay": 0.0
                },
                "model": {
                    "_target_": "tvp.modules.encoder.ImageEncoder",
                    "model_name": "ViT-B-16",
                    "openclip_cachedir": "/mnt/KS_2TB/PARA/Projects/ATM/Alternating-Tuning-and-Merging/checkpoints/openclip_cache",
                    "cache_dir": null,
                    "keep_lang": "??"
                },
                "lr_scheduler": {
                    "warmup_steps_or_ratio": null
                }
            }
        },
        "train": {
            "seed_index": 0,
            "deterministic": false,
            "trainer": {
                "fast_dev_run": false,
                "accelerator": "gpu",
                "devices": 1,
                "precision": 32,
                "num_sanity_val_steps": 2,
                "gradient_clip_val": 10.0,
                "val_check_interval": 1.0,
                "deterministic": false
            },
            "restore": {
                "ckpt_or_run_path": null,
                "mode": null
            },
            "monitor": {
                "metric": "loss/train",
                "mode": "min"
            },
            "callbacks": [
                {
                    "_target_": "pytorch_lightning.callbacks.progress.tqdm_progress.TQDMProgressBar",
                    "refresh_rate": 1
                }
            ],
            "logging": {
                "upload": {
                    "run_files": false,
                    "source": true
                },
                "logger": {
                    "_target_": "lightning.pytorch.loggers.WandbLogger",
                    "project": "task-vectors-playground",
                    "entity": "dansolombrinoandfriends",
                    "log_model": false,
                    "mode": "online",
                    "tags": [
                        "dev"
                    ]
                }
            }
        },
        "conventions": {
            "x_key": "x",
            "y_key": "y"
        },
        "core": {
            "entity": "dansolombrinoandfriends",
            "project_name": "task-vectors-playground",
            "storage_dir": "/mnt/KS_2TB/PARA/Projects/ATM/Alternating-Tuning-and-Merging/storage",
            "tags": [
                "dev"
            ],
            "version": "0.0.1"
        },
        "epoch_divisor": "None",
        "eval_datasets": [
            "Cars",
            "DTD",
            "EuroSAT",
            "GTSRB",
            "MNIST",
            "RESISC45",
            "SVHN",
            "SUN397",
            "STL10",
            "OxfordIIITPet",
            "Flowers102",
            "CIFAR100",
            "PCAM",
            "FER2013",
            "CIFAR10",
            "Food101",
            "FashionMNIST",
            "RenderedSST2",
            "EMNIST",
            "KMNIST"
        ],
        "eval_on_train": false,
        "misc": {
            "cache_dir": null,
            "ckpt_path": "/mnt/KS_2TB/PARA/Projects/ATM/Alternating-Tuning-and-Merging/checkpoints/ViT-B-16",
            "openclip_cachedir": "/mnt/KS_2TB/PARA/Projects/ATM/Alternating-Tuning-and-Merging/checkpoints/openclip_cache",
            "pretrained_checkpoint": "/mnt/KS_2TB/PARA/Projects/ATM/Alternating-Tuning-and-Merging/checkpoints/ViT-B-16/zeroshot.pt"
        },
        "order": 1,
        "seed_index": 0,
        "task_vectors": {
            "aggregator": {
                "_target_": "tvp.task_vectors.aggregator.SumAggregator",
                "mean": true
            },
            "breadcrumbs_beta": 0.85,