{
    "results": {
        "Cars": [
            {
                "acc/test": 0.6405919790267944,
                "loss/test": 1.04669988155365
            }
        ],
        "DTD": [
            {
                "acc/test": 0.45656028389930725,
                "loss/test": 1.9897187948226929
            }
        ],
        "EuroSAT": [
            {
                "acc/test": 0.5927314758300781,
                "loss/test": 1.2191613912582397
            }
        ],
        "GTSRB": [
            {
                "acc/test": 0.4582739472389221,
                "loss/test": 1.9758433103561401
            }
        ],
        "MNIST": [
            {
                "acc/test": 0.5877000093460083,
                "loss/test": 1.669683575630188
            }
        ],
        "RESISC45": [
            {
                "acc/test": 0.6761904954910278,
                "loss/test": 1.0288888216018677
            }
        ],
        "SVHN": [
            {
                "acc/test": 0.5687615275382996,
                "loss/test": 1.6277529001235962
            }
        ],
        "SUN397": [
            {
                "acc/test": 0.6588916778564453,
                "loss/test": 1.1861345767974854
            }
        ],
        "STL10": [
            {
                "acc/test": 0.9825000166893005,
                "loss/test": 0.0751064345240593
            }
        ],
        "OxfordIIITPet": [
            {
                "acc/test": 0.8838920593261719,
                "loss/test": 0.33123114705085754
            }
        ],
        "Flowers102": [
            {
                "acc/test": 0.7154008746147156,
                "loss/test": 1.2269845008850098
            }
        ],
        "CIFAR100": [
            {
                "acc/test": 0.6872000098228455,
                "loss/test": 1.1916123628616333
            }
        ],
        "PCAM": [
            {
                "acc/test": 0.56585693359375,
                "loss/test": 0.7416607737541199
            }
        ],
        "FER2013": [
            {
                "acc/test": 0.3794929087162018,
                "loss/test": 1.8916159868240356
            }
        ],
        "CIFAR10": [
            {
                "acc/test": 0.9153000116348267,
                "loss/test": 0.2781958281993866
            }
        ],
        "Food101": [
            {
                "acc/test": 0.8771881461143494,
                "loss/test": 0.42225518822669983
            }
        ],
        "FashionMNIST": [
            {
                "acc/test": 0.6754000186920166,
                "loss/test": 0.9688370823860168
            }
        ],
        "RenderedSST2": [
            {
                "acc/test": 0.6133992075920105,
                "loss/test": 0.6549183130264282
            }
        ],
        "EMNIST": [
            {
                "acc/test": 0.20422500371932983,
                "loss/test": 2.27437424659729
            }
        ],
        "KMNIST": [
            {
                "acc/test": 0.09989999979734421,
                "loss/test": 2.4676015377044678
            }
        ],
        "average_of_tasks": 0.6119728293269873
    },
    "cfg": {
        "nn": {
            "data": {
                "dataset": {
                    "dataset_name": "CIFAR100",
                    "ft_epochs": 6,
                    "posthoc_epochs": 2,
                    "finegrained_epochs": 1,
                    "num_classes": 100
                },
                "accelerator": "gpu",
                "batch_size": {
                    "test": 16,
                    "train": 32,
                    "val": 32
                },
                "data_path": "/mnt/KS_2TB/PARA/Projects/ATM/Alternating-Tuning-and-Merging/data",
                "num_workers": {
                    "test": 0,
                    "train": 4,
                    "val": 2
                },
                "train_dataset": "CIFAR100Val"
            },
            "module": {
                "_target_": "tvp.pl_module.image_classifier.ImageClassifier",
                "x_key": "x",
                "y_key": "y",
                "encoder": "??",
                "classifier": "??",
                "optimizer": {
                    "_target_": "torch.optim.SGD",
                    "lr": 1e-05
                },
                "model": {
                    "_target_": "tvp.modules.encoder.ImageEncoder",
                    "model_name": "ViT-B-16",
                    "openclip_cachedir": "/mnt/KS_2TB/PARA/Projects/ATM/Alternating-Tuning-and-Merging/checkpoints/openclip_cache",
                    "cache_dir": null,
                    "keep_lang": "??"
                }
            }
        },
        "train": {
            "seed_index": 0,
            "deterministic": false,
            "trainer": {
                "fast_dev_run": false,
                "accelerator": "gpu",
                "devices": 1,
                "precision": 32,
                "max_steps": -1,
                "num_sanity_val_steps": 2,
                "gradient_clip_val": 10.0,
                "val_check_interval": 1.0,
                "deterministic": false
            },
            "restore": {
                "ckpt_or_run_path": null,
                "mode": null
            },
            "monitor": {
                "metric": "loss/train",
                "mode": "min"
            },
            "callbacks": [
                {
                    "_target_": "pytorch_lightning.callbacks.EarlyStopping",
                    "patience": 424242,
                    "verbose": false,
                    "monitor": "loss/train",
                    "mode": "min"
                },
                {
                    "_target_": "pytorch_lightning.callbacks.ModelCheckpoint",
                    "save_top_k": 1,
                    "verbose": false,
                    "monitor": "loss/train",
                    "mode": "min"
                },
                {
                    "_target_": "pytorch_lightning.callbacks.LearningRateMonitor",
                    "logging_interval": "step",
                    "log_momentum": false
                },
                {
                    "_target_": "pytorch_lightning.callbacks.progress.tqdm_progress.TQDMProgressBar",
                    "refresh_rate": 1
                }
            ],
            "logging": {
                "upload": {
                    "run_files": false,
                    "source": true
                },
                "logger": {
                    "_target_": "lightning.pytorch.loggers.WandbLogger",
                    "project": "task-vectors-playground",
                    "entity": "dansolombrinoandfriends",
                    "log_model": false,
                    "mode": "online",
                    "tags": [
                        "dev"
                    ]
                },
                "wandb_watch": {
                    "log": null,
                    "log_freq": 100,
                    "log_graph": false
                }
            }
        },
        "conventions": {
            "x_key": "x",
            "y_key": "y"
        },
        "core": {
            "entity": "dansolombrinoandfriends",
            "project_name": "task-vectors-playground",
            "storage_dir": "/mnt/KS_2TB/PARA/Projects/ATM/Alternating-Tuning-and-Merging/storage",
            "tags": [
                "dev"
            ],
            "version": "0.0.1"
        },
        "epoch_divisor": "None",