{
    "results": {
        "Cars": [
            {
                "acc/test": 0.6570078134536743,
                "loss/test": 0.9833724498748779
            }
        ],
        "DTD": [
            {
                "acc/test": 0.472517728805542,
                "loss/test": 1.922455072402954
            }
        ],
        "EuroSAT": [
            {
                "acc/test": 0.6488425731658936,
                "loss/test": 1.0584677457809448
            }
        ],
        "GTSRB": [
            {
                "acc/test": 0.5212193131446838,
                "loss/test": 1.7505261898040771
            }
        ],
        "MNIST": [
            {
                "acc/test": 0.8199999928474426,
                "loss/test": 0.9623101353645325
            }
        ],
        "RESISC45": [
            {
                "acc/test": 0.69349205493927,
                "loss/test": 0.9838582873344421
            }
        ],
        "SVHN": [
            {
                "acc/test": 0.6418254375457764,
                "loss/test": 1.3300566673278809
            }
        ],
        "SUN397": [
            {
                "acc/test": 0.6693199276924133,
                "loss/test": 1.1324564218521118
            }
        ],
        "STL10": [
            {
                "acc/test": 0.9804999828338623,
                "loss/test": 0.07329504936933517
            }
        ],
        "OxfordIIITPet": [
            {
                "acc/test": 0.8847097158432007,
                "loss/test": 0.32221925258636475
            }
        ],
        "Flowers102": [
            {
                "acc/test": 0.708895742893219,
                "loss/test": 1.2818658351898193
            }
        ],
        "CIFAR100": [
            {
                "acc/test": 0.7267000079154968,
                "loss/test": 0.980537474155426
            }
        ],
        "PCAM": [
            {
                "acc/test": 0.644287109375,
                "loss/test": 0.7132012844085693
            }
        ],
        "FER2013": [
            {
                "acc/test": 0.38813039660453796,
                "loss/test": 1.9212661981582642
            }
        ],
        "CIFAR10": [
            {
                "acc/test": 0.9372000098228455,
                "loss/test": 0.1910889595746994
            }
        ],
        "Food101": [
            {
                "acc/test": 0.8710891008377075,
                "loss/test": 0.446454793214798
            }
        ],
        "FashionMNIST": [
            {
                "acc/test": 0.7222999930381775,
                "loss/test": 0.7941327095031738
            }
        ],
        "RenderedSST2": [
            {
                "acc/test": 0.6199890375137329,
                "loss/test": 0.6508283615112305
            }
        ],
        "EMNIST": [
            {
                "acc/test": 0.29455000162124634,
                "loss/test": 2.0996081829071045
            }
        ],
        "KMNIST": [
            {
                "acc/test": 0.09839999675750732,
                "loss/test": 2.5401437282562256
            }
        ],
        "average_of_tasks": 0.6500487968325614
    },
    "cfg": {
        "nn": {
            "data": {
                "dataset": {
                    "dataset_name": "CIFAR100",
                    "ft_epochs": 6,
                    "posthoc_epochs": 2,
                    "finegrained_epochs": 1,
                    "num_classes": 100
                },
                "accelerator": "gpu",
                "batch_size": {
                    "test": 128,
                    "train": 128,
                    "val": 128
                },
                "data_path": "/mnt/KS_2TB/PARA/Projects/ATM/Alternating-Tuning-and-Merging/data",
                "num_workers": {
                    "test": 0,
                    "train": 4,
                    "val": 2
                },
                "train_dataset": "CIFAR100Val"
            },
            "module": {
                "_target_": "tvp.pl_module.image_classifier.ImageClassifier",
                "x_key": "x",
                "y_key": "y",
                "encoder": "??",
                "classifier": "??",
                "optimizer": {
                    "_target_": "torch.optim.AdamW",
                    "lr": 1e-05,
                    "weight_decay": 0.1
                },
                "model": {
                    "_target_": "tvp.modules.encoder.ImageEncoder",
                    "model_name": "ViT-B-16",
                    "openclip_cachedir": "/mnt/KS_2TB/PARA/Projects/ATM/Alternating-Tuning-and-Merging/checkpoints/openclip_cache",
                    "cache_dir": null,
                    "keep_lang": "??"
                },
                "lr_scheduler": {
                    "warmup_steps_or_ratio": null
                }
            }
        },
        "train": {
            "seed_index": 0,
            "deterministic": false,
            "trainer": {
                "fast_dev_run": false,
                "accelerator": "gpu",
                "devices": 1,
                "precision": 32,
                "max_steps": -1,
                "num_sanity_val_steps": 2,
                "gradient_clip_val": 10.0,
                "val_check_interval": 1.0,
                "deterministic": false
            },
            "restore": {
                "ckpt_or_run_path": null,
                "mode": null
            },
            "monitor": {
                "metric": "loss/train",
                "mode": "min"
            },
            "callbacks": [
                {
                    "_target_": "pytorch_lightning.callbacks.progress.tqdm_progress.TQDMProgressBar",
                    "refresh_rate": 1
                }
            ],
            "logging": {
                "upload": {
                    "run_files": false,
                    "source": true
                },
                "logger": {
                    "_target_": "lightning.pytorch.loggers.WandbLogger",
                    "project": "task-vectors-playground",
                    "entity": "dansolombrinoandfriends",
                    "log_model": false,
                    "mode": "online",
                    "tags": [
                        "dev"
                    ]
                }
            }
        },
        "conventions": {
            "x_key": "x",
            "y_key": "y"
        },
        "core": {
            "entity": "dansolombrinoandfriends",
            "project_name": "task-vectors-playground",
            "storage_dir": "/mnt/KS_2TB/PARA/Projects/ATM/Alternating-Tuning-and-Merging/storage",
            "tags": [
                "dev"
            ],
            "version": "0.0.1"
        },
        "epoch_divisor": "None",
        "eval_datasets": [
            "Cars",
            "DTD",
            "EuroSAT",
            "GTSRB",
            "MNIST",
            "RESISC45",
            "SVHN",
            "SUN397",
            "STL10",
            "OxfordIIITPet",
            "Flowers102",
            "CIFAR100",
            "PCAM",
            "FER2013",
            "CIFAR10",
            "Food101",
            "FashionMNIST",
            "RenderedSST2",
            "EMNIST",
            "KMNIST"
        ],
        "eval_on_train": false,
        "misc": {
            "cache_dir": null,
            "ckpt_path": "/mnt/KS_2TB/PARA/Projects/ATM/Alternating-Tuning-and-Merging/checkpoints/ViT-B-16",
            "openclip_cachedir": "/mnt/KS_2TB/PARA/Projects/ATM/Alternating-Tuning-and-Merging/checkpoints/openclip_cache",
            "pretrained_checkpoint": "/mnt/KS_2TB/PARA/Projects/ATM/Alternating-Tuning-and-Merging/checkpoints/ViT-B-16/zeroshot.pt"
        },
        "order": 1,
        "seed_index": 0,
        "task_vectors": {
            "aggregator": {
                "_target_": "tvp.task_vectors.aggregator.SumAggregator",
                "mean": true
            },