{
    "results": {
        "Cars": [
            {
                "acc/test": 0.6622310876846313,
                "loss/test": 0.9715494513511658
            }
        ],
        "DTD": [
            {
                "acc/test": 0.472517728805542,
                "loss/test": 1.9804693460464478
            }
        ],
        "EuroSAT": [
            {
                "acc/test": 0.6383796334266663,
                "loss/test": 1.0706661939620972
            }
        ],
        "GTSRB": [
            {
                "acc/test": 0.5101345777511597,
                "loss/test": 1.678758978843689
            }
        ],
        "MNIST": [
            {
                "acc/test": 0.8540999889373779,
                "loss/test": 0.9175751209259033
            }
        ],
        "RESISC45": [
            {
                "acc/test": 0.6952381134033203,
                "loss/test": 0.9660966396331787
            }
        ],
        "SVHN": [
            {
                "acc/test": 0.6353334188461304,
                "loss/test": 1.2927656173706055
            }
        ],
        "SUN397": [
            {
                "acc/test": 0.6702770590782166,
                "loss/test": 1.1445673704147339
            }
        ],
        "STL10": [
            {
                "acc/test": 0.9806249737739563,
                "loss/test": 0.07416526228189468
            }
        ],
        "OxfordIIITPet": [
            {
                "acc/test": 0.886890172958374,
                "loss/test": 0.3018636405467987
            }
        ],
        "Flowers102": [
            {
                "acc/test": 0.7183281779289246,
                "loss/test": 1.3419361114501953
            }
        ],
        "CIFAR100": [
            {
                "acc/test": 0.7343000173568726,
                "loss/test": 0.9877780079841614
            }
        ],
        "PCAM": [
            {
                "acc/test": 0.610992431640625,
                "loss/test": 0.8977542519569397
            }
        ],
        "FER2013": [
            {
                "acc/test": 0.4047088325023651,
                "loss/test": 1.9696346521377563
            }
        ],
        "CIFAR10": [
            {
                "acc/test": 0.9391999840736389,
                "loss/test": 0.18671709299087524
            }
        ],
        "Food101": [
            {
                "acc/test": 0.8714059591293335,
                "loss/test": 0.44636180996894836
            }
        ],
        "FashionMNIST": [
            {
                "acc/test": 0.7196000218391418,
                "loss/test": 0.8120352029800415
            }
        ],
        "RenderedSST2": [
            {
                "acc/test": 0.6216364502906799,
                "loss/test": 0.6532680988311768
            }
        ],
        "EMNIST": [
            {
                "acc/test": 0.2990249991416931,
                "loss/test": 2.127927780151367
            }
        ],
        "KMNIST": [
            {
                "acc/test": 0.10840000212192535,
                "loss/test": 2.6274003982543945
            }
        ],
        "average_of_tasks": 0.6516661815345287
    },
    "cfg": {
        "nn": {
            "data": {
                "dataset": {
                    "dataset_name": "CIFAR100",
                    "ft_epochs": 6,
                    "posthoc_epochs": 2,
                    "finegrained_epochs": 1,
                    "num_classes": 100
                },
                "accelerator": "gpu",
                "batch_size": {
                    "test": 128,
                    "train": 128,
                    "val": 128
                },
                "data_path": "/root/ATM/Alternating-Tuning-and-Merging/data",
                "num_workers": {
                    "test": 0,
                    "train": 4,
                    "val": 2
                },
                "train_dataset": "CIFAR100Val"
            },
            "module": {
                "_target_": "tvp.pl_module.image_classifier.ImageClassifier",
                "x_key": "x",
                "y_key": "y",
                "encoder": "??",
                "classifier": "??",
                "optimizer": {
                    "_target_": "torch.optim.AdamW",
                    "lr": 1e-05,
                    "weight_decay": 0.1
                },
                "model": {
                    "_target_": "tvp.modules.encoder.ImageEncoder",
                    "model_name": "ViT-B-16",
                    "openclip_cachedir": "/root/ATM/Alternating-Tuning-and-Merging/checkpoints/openclip_cache",
                    "cache_dir": null,
                    "keep_lang": "??"
                },
                "lr_scheduler": {
                    "warmup_steps_or_ratio": 200
                }
            }
        },
        "train": {
            "seed_index": 0,
            "deterministic": false,
            "trainer": {
                "fast_dev_run": false,
                "accelerator": "gpu",
                "devices": 1,
                "precision": 32,
                "max_steps": -1,
                "num_sanity_val_steps": 2,
                "gradient_clip_val": 10.0,
                "val_check_interval": 1.0,
                "deterministic": false
            },
            "restore": {
                "ckpt_or_run_path": null,
                "mode": null
            },
            "monitor": {
                "metric": "loss/train",
                "mode": "min"
            },
            "callbacks": [
                {
                    "_target_": "pytorch_lightning.callbacks.progress.tqdm_progress.TQDMProgressBar",
                    "refresh_rate": 1
                }
            ],
            "logging": {
                "upload": {
                    "run_files": false,
                    "source": true
                },
                "logger": {
                    "_target_": "lightning.pytorch.loggers.WandbLogger",
                    "project": "task-vectors-playground",
                    "entity": "dansolombrinoandfriends",
                    "log_model": false,
                    "mode": "online",
                    "tags": [
                        "dev"
                    ]
                }
            }
        },
        "conventions": {
            "x_key": "x",
            "y_key": "y"
        },
        "core": {
            "entity": "dansolombrinoandfriends",
            "project_name": "task-vectors-playground",
            "storage_dir": "/root/ATM/Alternating-Tuning-and-Merging/storage",
            "tags": [
                "dev"
            ],
            "version": "0.0.1"
        },
        "epoch_divisor": "None",
        "eval_datasets": [
            "Cars",
            "DTD",
            "EuroSAT",
            "GTSRB",
            "MNIST",
            "RESISC45",
            "SVHN",
            "SUN397",
            "STL10",
            "OxfordIIITPet",
            "Flowers102",
            "CIFAR100",
            "PCAM",
            "FER2013",
            "CIFAR10",
            "Food101",
            "FashionMNIST",
            "RenderedSST2",
            "EMNIST",
            "KMNIST"
        ],
        "eval_on_train": false,
        "misc": {
            "cache_dir": null,
            "ckpt_path": "/root/ATM/Alternating-Tuning-and-Merging/checkpoints/ViT-B-16",
            "openclip_cachedir": "/root/ATM/Alternating-Tuning-and-Merging/checkpoints/openclip_cache",
            "pretrained_checkpoint": "/root/ATM/Alternating-Tuning-and-Merging/checkpoints/ViT-B-16/zeroshot.pt"
        },
        "order": 1,
        "seed_index": 0,
        "task_vectors": {
            "aggregator": {
                "_target_": "tvp.task_vectors.aggregator.SumAggregator",
                "mean": true
            },
            "breadcrumbs_beta": 0.85,
            "breadcrumbs_gamma": 0.993,
            "dare_rate": 0.9,