{
    "results": {
        "Cars": [
            {
                "acc/test": 0.6439497470855713,
                "loss/test": 1.0261332988739014
            }
        ],
        "DTD": [
            {
                "acc/test": 0.457446813583374,
                "loss/test": 1.9863886833190918
            }
        ],
        "EuroSAT": [
            {
                "acc/test": 0.6344444155693054,
                "loss/test": 1.1204824447631836
            }
        ],
        "GTSRB": [
            {
                "acc/test": 0.4992873966693878,
                "loss/test": 1.8110295534133911
            }
        ],
        "MNIST": [
            {
                "acc/test": 0.7766000032424927,
                "loss/test": 1.226830244064331
            }
        ],
        "RESISC45": [
            {
                "acc/test": 0.6960317492485046,
                "loss/test": 0.9814162254333496
            }
        ],
        "SVHN": [
            {
                "acc/test": 0.6236171126365662,
                "loss/test": 1.4133108854293823
            }
        ],
        "SUN397": [
            {
                "acc/test": 0.6641813516616821,
                "loss/test": 1.1589831113815308
            }
        ],
        "STL10": [
            {
                "acc/test": 0.9828749895095825,
                "loss/test": 0.07106465846300125
            }
        ],
        "OxfordIIITPet": [
            {
                "acc/test": 0.8817116618156433,
                "loss/test": 0.33260294795036316
            }
        ],
        "Flowers102": [
            {
                "acc/test": 0.7097088694572449,
                "loss/test": 1.2832235097885132
            }
        ],
        "CIFAR100": [
            {
                "acc/test": 0.7243000268936157,
                "loss/test": 0.9962452054023743
            }
        ],
        "PCAM": [
            {
                "acc/test": 0.62603759765625,
                "loss/test": 0.7131350040435791
            }
        ],
        "FER2013": [
            {
                "acc/test": 0.4061019718647003,
                "loss/test": 1.8792192935943604
            }
        ],
        "CIFAR10": [
            {
                "acc/test": 0.9352999925613403,
                "loss/test": 0.20554587244987488
            }
        ],
        "Food101": [
            {
                "acc/test": 0.8769108653068542,
                "loss/test": 0.42023658752441406
            }
        ],
        "FashionMNIST": [
            {
                "acc/test": 0.7182999849319458,
                "loss/test": 0.8276622295379639
            }
        ],
        "RenderedSST2": [
            {
                "acc/test": 0.6106534600257874,
                "loss/test": 0.6589904427528381
            }
        ],
        "EMNIST": [
            {
                "acc/test": 0.2531000077724457,
                "loss/test": 2.1336934566497803
            }
        ],
        "KMNIST": [
            {
                "acc/test": 0.10719999670982361,
                "loss/test": 2.4705111980438232
            }
        ],
        "average_of_tasks": 0.6413879007101059
    },
    "cfg": {
        "nn": {
            "data": {
                "dataset": {
                    "dataset_name": "CIFAR100",
                    "ft_epochs": 6,
                    "posthoc_epochs": 2,
                    "finegrained_epochs": 1,
                    "num_classes": 100
                },
                "accelerator": "gpu",
                "batch_size": {
                    "test": 128,
                    "train": 128,
                    "val": 128
                },
                "data_path": "/mnt/KS_2TB/PARA/Projects/ATM/Alternating-Tuning-and-Merging/data",
                "num_workers": {
                    "test": 0,
                    "train": 4,
                    "val": 2
                },
                "train_dataset": "CIFAR100Val"
            },
            "module": {
                "_target_": "tvp.pl_module.image_classifier.ImageClassifier",
                "x_key": "x",
                "y_key": "y",
                "encoder": "??",
                "classifier": "??",
                "optimizer": {
                    "_target_": "torch.optim.AdamW",
                    "lr": 1e-05,
                    "weight_decay": 0.1
                },
                "lr_scheduler": {
                    "_target_": "tvp.modules.cosine_annealing_lr_scheduler.CosineAnnealingLRScheduler",
                    "warmup_length": 200,
                    "total_steps": -42
                },
                "model": {
                    "_target_": "tvp.modules.encoder.ImageEncoder",
                    "model_name": "ViT-B-16",
                    "openclip_cachedir": "/mnt/KS_2TB/PARA/Projects/ATM/Alternating-Tuning-and-Merging/checkpoints/openclip_cache",
                    "cache_dir": null,
                    "keep_lang": "??"
                }
            }
        },
        "train": {
            "seed_index": 0,
            "deterministic": false,
            "trainer": {
                "fast_dev_run": false,
                "accelerator": "gpu",
                "devices": 1,
                "precision": 32,
                "max_steps": -1,
                "num_sanity_val_steps": 2,
                "gradient_clip_val": 10.0,
                "val_check_interval": 1.0,
                "deterministic": false
            },
            "restore": {
                "ckpt_or_run_path": null,
                "mode": null
            },
            "monitor": {
                "metric": "loss/train",
                "mode": "min"
            },
            "callbacks": [
                {
                    "_target_": "pytorch_lightning.callbacks.progress.tqdm_progress.TQDMProgressBar",
                    "refresh_rate": 1
                }
            ],
            "logging": {
                "upload": {
                    "run_files": false,
                    "source": true
                },
                "logger": {
                    "_target_": "lightning.pytorch.loggers.WandbLogger",
                    "project": "task-vectors-playground",
                    "entity": "dansolombrinoandfriends",
                    "log_model": false,
                    "mode": "online",
                    "tags": [
                        "dev"
                    ]
                }
            }
        },
        "conventions": {
            "x_key": "x",
            "y_key": "y"
        },
        "core": {
            "entity": "dansolombrinoandfriends",
            "project_name": "task-vectors-playground",
            "storage_dir": "/mnt/KS_2TB/PARA/Projects/ATM/Alternating-Tuning-and-Merging/storage",
            "tags": [
                "dev"
            ],
            "version": "0.0.1"
        },
        "epoch_divisor": "None",
        "eval_datasets": [
            "Cars",
            "DTD",
            "EuroSAT",
            "GTSRB",
            "MNIST",
            "RESISC45",
            "SVHN",
            "SUN397",
            "STL10",
            "OxfordIIITPet",
            "Flowers102",
            "CIFAR100",
            "PCAM",
            "FER2013",
            "CIFAR10",
            "Food101",
            "FashionMNIST",
            "RenderedSST2",
            "EMNIST",
            "KMNIST"
        ],
        "eval_on_train": false,
        "misc": {
            "cache_dir": null,
            "ckpt_path": "/mnt/KS_2TB/PARA/Projects/ATM/Alternating-Tuning-and-Merging/checkpoints/ViT-B-16",
            "openclip_cachedir": "/mnt/KS_2TB/PARA/Projects/ATM/Alternating-Tuning-and-Merging/checkpoints/openclip_cache",
            "pretrained_checkpoint": "/mnt/KS_2TB/PARA/Projects/ATM/Alternating-Tuning-and-Merging/checkpoints/ViT-B-16/zeroshot.pt"
        },
        "order": 1,
        "seed_index": 0,