{
    "results_all_ratios": {
        "0.1": {
            "DTD": [
                {
                    "acc/test": 0.8014184236526489,
                    "loss/test": 0.7655277252197266
                }
            ],
            "GTSRB": [
                {
                    "acc/test": 0.9770388007164001,
                    "loss/test": 0.1016915887594223
                }
            ],
            "EuroSAT": [
                {
                    "acc/test": 0.9670370221138,
                    "loss/test": 0.10005072504281998
                }
            ]
        },
        "0.2": {
            "DTD": [
                {
                    "acc/test": 0.817375898361206,
                    "loss/test": 0.7803892493247986
                }
            ],
            "GTSRB": [
                {
                    "acc/test": 0.9799683094024658,
                    "loss/test": 0.07967029511928558
                }
            ],
            "EuroSAT": [
                {
                    "acc/test": 0.9752777814865112,
                    "loss/test": 0.07866281270980835
                }
            ]
        },
        "1.0": {
            "DTD": [
                {
                    "acc/test": 0.835106372833252,
                    "loss/test": 0.8285925388336182
                }
            ],
            "GTSRB": [
                {
                    "acc/test": 0.9904196262359619,
                    "loss/test": 0.03951707482337952
                }
            ],
            "EuroSAT": [
                {
                    "acc/test": 0.9972222447395325,
                    "loss/test": 0.012122439220547676
                }
            ]
        }
    },
    "results": {
        "DTD": [
            {
                "acc/test": 0.835106372833252,
                "loss/test": 0.8285925388336182
            }
        ],
        "GTSRB": [
            {
                "acc/test": 0.9904196262359619,
                "loss/test": 0.03951707482337952
            }
        ],
        "EuroSAT": [
            {
                "acc/test": 0.9972222447395325,
                "loss/test": 0.012122439220547676
            }
        ]
    },
    "cfg": {
        "nn": {
            "data": {
                "dataset": {
                    "dataset_name": "CIFAR100",
                    "ft_epochs": 6,
                    "posthoc_epochs": 2,
                    "finegrained_epochs": 1,
                    "num_classes": 100
                },
                "accelerator": "gpu",
                "batch_size": {
                    "test": 128,
                    "train": 128,
                    "val": 128
                },
                "data_path": "/mnt/KS_2TB/PARA/Projects/ATM/Alternating-Tuning-and-Merging/data",
                "num_workers": {
                    "test": 0,
                    "train": 4,
                    "val": 2
                },
                "train_dataset": "CIFAR100Val"
            },
            "module": {
                "_target_": "tvp.pl_module.image_classifier.ImageClassifier",
                "x_key": "x",
                "y_key": "y",
                "encoder": "??",
                "classifier": "??",
                "optimizer": {
                    "_target_": "torch.optim.AdamW",
                    "lr": 1e-05,
                    "weight_decay": 0.1
                },
                "model": {
                    "_target_": "tvp.modules.encoder.ImageEncoder",
                    "model_name": "ViT-B-16",
                    "openclip_cachedir": "/mnt/KS_2TB/PARA/Projects/ATM/Alternating-Tuning-and-Merging/checkpoints/openclip_cache",
                    "cache_dir": null,
                    "keep_lang": "??"
                },
                "lr_scheduler": {
                    "warmup_steps_or_ratio": 200
                }
            }
        },
        "train": {
            "seed_index": 0,
            "deterministic": false,
            "trainer": {
                "fast_dev_run": false,
                "accelerator": "gpu",
                "devices": 1,
                "precision": 32,
                "max_steps": -1,
                "num_sanity_val_steps": 2,
                "gradient_clip_val": 10.0,
                "val_check_interval": 1.0,
                "deterministic": false
            },
            "restore": {
                "ckpt_or_run_path": null,
                "mode": null
            },
            "monitor": {
                "metric": "loss/train",
                "mode": "min"
            },
            "callbacks": [
                {
                    "_target_": "pytorch_lightning.callbacks.progress.tqdm_progress.TQDMProgressBar",
                    "refresh_rate": 1
                }
            ],
            "logging": {
                "upload": {
                    "run_files": false,
                    "source": true
                },
                "logger": {
                    "_target_": "lightning.pytorch.loggers.WandbLogger",
                    "project": "task-vectors-playground",
                    "entity": "dansolombrinoandfriends",
                    "log_model": false,
                    "mode": "online",
                    "tags": [
                        "dev"
                    ]
                }
            }
        },
        "conventions": {
            "x_key": "x",
            "y_key": "y"
        },
        "core": {
            "entity": "dansolombrinoandfriends",
            "project_name": "task-vectors-playground",
            "storage_dir": "/mnt/KS_2TB/PARA/Projects/ATM/Alternating-Tuning-and-Merging/storage",
            "tags": [
                "dev"
            ],
            "version": "0.0.1"
        },
        "epoch_divisor": "None",
        "eval_datasets": [
            "DTD",
            "GTSRB",
            "EuroSAT"
        ],
        "eval_on_train": false,
        "misc": {
            "cache_dir": null,
            "ckpt_path": "/mnt/KS_2TB/PARA/Projects/ATM/Alternating-Tuning-and-Merging/checkpoints/ViT-B-16",
            "openclip_cachedir": "/mnt/KS_2TB/PARA/Projects/ATM/Alternating-Tuning-and-Merging/checkpoints/openclip_cache",
            "pretrained_checkpoint": "/mnt/KS_2TB/PARA/Projects/ATM/Alternating-Tuning-and-Merging/checkpoints/ViT-B-16/zeroshot.pt"
        },
        "order": 1,
        "seed_index": 0,
        "task_vectors": {
            "aggregator": {
                "_target_": "tvp.task_vectors.aggregator.SumAggregator",
                "mean": true
            },
            "breadcrumbs": {
                "beta": 0.85,
                "gamma": 0.993
            },
            "dare": {
                "rate": 0.9
            },
            "merging_method": "normal",
            "num_task_vectors": 8,
            "orthogonalize": false,
            "scaling_coefficient": 1,
            "ties": {
                "ties_lambda": 1,
                "top_k": 20,
                "merge_func": "mean"
            },
            "to_apply": [
                "DTD",
                "GTSRB",
                "EuroSAT"
            ]
        },
        "ft_regime": "ta",
        "tvs_to_apply_group_name": "paper-atm",
        "optimizer_name": "adamw",
        "lr_scheduler_name": "cosine_annealing",
        "upload_merged_to_wandb": false,
        "evaluation_export_dir": "./evaluations/ft_progress_merging",
        "eval_merged_ratios": [
            0.1,
            0.2,
            1.0
        ],
        "eval_skip_if_exists": true,
        "eval_orthogonalization_method": "none",
        "eval_ft_progress_merging": true,
        "timestamp": "2025_01_25_at_12_09_53"
    }
}