{
    "cars": [
        0.181196391582489,
        0.14426064491271973,
        0.12859100103378296,
        0.1256062388420105,
        0.10707622766494751,
        0.10521078109741211,
        0.0982465147972107,
        0.09911704063415527,
        0.09874391555786133,
        0.09936577081680298
    ],
    "dtd": [
        0.19858157634735107,
        0.18262410163879395,
        0.19503545761108398,
        0.1906028389930725,
        0.173758864402771,
        0.16755318641662598,
        0.16578012704849243,
        0.1640070676803589,
        0.1640070676803589,
        0.16489362716674805
    ],
    "eurosat": [
        0.03296297788619995,
        0.02472221851348877,
        0.019490718841552734,
        0.006944417953491211,
        0.004768490791320801,
        0.003750026226043701,
        0.0027777552604675293,
        0.0026851892471313477,
        0.002731502056121826,
        0.0027777552604675293
    ],
    "gtsrb": [
        0.022961199283599854,
        0.02003169059753418,
        0.012826621532440186,
        0.00997626781463623,
        0.009342849254608154,
        0.008551061153411865,
        0.009659528732299805,
        0.009659528732299805,
        0.009501159191131592,
        0.009580373764038086
    ],
    "mnist": [
        0.011799991130828857,
        0.00989997386932373,
        0.00830000638961792,
        0.0054000020027160645,
        0.004999995231628418,
        0.004400014877319336,
        0.003600001335144043,
        0.003099977970123291,
        0.003000020980834961,
        0.003099977970123291
    ],
    "resisc45": [
        0.07142859697341919,
        0.06269842386245728,
        0.05444443225860596,
        0.04666668176651001,
        0.038253962993621826,
        0.03650796413421631,
        0.034444451332092285,
        0.03333336114883423,
        0.03396826982498169,
        0.033492088317871094
    ],
    "svhn": [
        0.06015670299530029,
        0.04240936040878296,
        0.037069737911224365,
        0.03138446807861328,
        0.03149968385696411,
        0.026006460189819336,
        0.02181929349899292,
        0.023701608180999756,
        0.02293330430984497,
        0.02281808853149414
    ],
    "sun397": [
        0.2492695450782776,
        0.23093199729919434,
        0.22685140371322632,
        0.21496224403381348,
        0.2143576741218567,
        0.20947104692459106,
        0.20846349000930786,
        0.20987403392791748,
        0.20926952362060547,
        0.20886647701263428
    ],
    "stl10": [
        0.012250006198883057,
        0.009124994277954102,
        0.008499979972839355,
        0.01087498664855957,
        0.010749995708465576,
        0.014999985694885254,
        0.014500021934509277,
        0.01712501049041748,
        0.016749978065490723,
        0.018750011920928955
    ],
    "oxfordiiitpet": [
        0.06704825162887573,
        0.06186974048614502,
        0.05941671133041382,
        0.056146085262298584,
        0.055055856704711914,
        0.055328428745269775,
        0.055055856704711914,
        0.05478334426879883,
        0.05560100078582764,
        0.05560100078582764
    ],
    "flowers102": [
        0.07724833488464355,
        0.07090586423873901,
        0.07155632972717285,
        0.06895428895950317,
        0.0681411623954773,
        0.0666775107383728,
        0.0663522481918335,
        0.0681411623954773,
        0.0663522481918335,
        0.0663522481918335
    ],
    "cifar100": [
        0.16399997472763062,
        0.14740002155303955,
        0.1312999725341797,
        0.12529999017715454,
        0.118399977684021,
        0.1119999885559082,
        0.10490000247955322,
        0.10149997472763062,
        0.0974000096321106,
        0.09769999980926514
    ],
    "pcam": [
        0.113372802734375,
        0.099761962890625,
        0.085968017578125,
        0.103485107421875,
        0.091094970703125,
        0.095703125,
        0.116455078125,
        0.105865478515625,
        0.118988037109375,
        0.106353759765625
    ],
    "fer2013": [
        0.34814709424972534,
        0.3027305603027344,
        0.28252995014190674,
        0.2645583748817444,
        0.2646976709365845,
        0.26567286252975464,
        0.2588464617729187,
        0.25717467069625854,
        0.25438839197158813,
        0.25564223527908325
    ],
    "cifar10": [
        0.03600001335144043,
        0.03530001640319824,
        0.031899988651275635,
        0.03680002689361572,
        0.02120000123977661,
        0.019200026988983154,
        0.017799973487854004,
        0.014900028705596924,
        0.014999985694885254,
        0.014699995517730713
    ],
    "food101": [
        0.10621780157089233,
        0.09647524356842041,
        0.09322774410247803,
        0.08863365650177002,
        0.08221781253814697,
        0.07893067598342896,
        0.07540595531463623,
        0.07386136054992676,
        0.07180196046829224,
        0.07124751806259155
    ],
    "fashionmnist": [
        0.09880000352859497,
        0.07999998331069946,
        0.06610000133514404,
        0.06410002708435059,
        0.054000020027160645,
        0.050000011920928955,
        0.048500001430511475,
        0.04930001497268677,
        0.045400023460388184,
        0.04409998655319214
    ],
    "renderedsst2": [
        0.21801209449768066,
        0.20702910423278809,
        0.22405272722244263,
        0.22020870447158813,
        0.22350358963012695,
        0.21306973695755005,
        0.2246018648147583,
        0.21965950727462769,
        0.2207578420639038,
        0.22020870447158813
    ],
    "emnist": [
        0.0073999762535095215,
        0.004649996757507324,
        0.0056999921798706055,
        0.00550001859664917,
        0.0033749938011169434,
        0.003000020980834961,
        0.0023000240325927734,
        0.002075016498565674,
        0.001900017261505127,
        0.001900017261505127
    ],
    "kmnist": [
        0.10780000686645508,
        0.04180002212524414,
        0.036499977111816406,
        0.028100013732910156,
        0.022800028324127197,
        0.021499991416931152,
        0.018700003623962402,
        0.015500009059906006,
        0.014500021934509277,
        0.014699995517730713
    ]
}