{
    "cars": [
        0.818803608417511,
        0.8557393550872803,
        0.871408998966217,
        0.8743937611579895,
        0.8929237723350525,
        0.8947892189025879,
        0.9017534852027893,
        0.9008829593658447,
        0.9012560844421387,
        0.900634229183197
    ],
    "dtd": [
        0.8014184236526489,
        0.817375898361206,
        0.804964542388916,
        0.8093971610069275,
        0.826241135597229,
        0.832446813583374,
        0.8342198729515076,
        0.8359929323196411,
        0.8359929323196411,
        0.835106372833252
    ],
    "eurosat": [
        0.9670370221138,
        0.9752777814865112,
        0.9805092811584473,
        0.9930555820465088,
        0.9952315092086792,
        0.9962499737739563,
        0.9972222447395325,
        0.9973148107528687,
        0.9972684979438782,
        0.9972222447395325
    ],
    "gtsrb": [
        0.9770388007164001,
        0.9799683094024658,
        0.9871733784675598,
        0.9900237321853638,
        0.9906571507453918,
        0.9914489388465881,
        0.9903404712677002,
        0.9903404712677002,
        0.9904988408088684,
        0.9904196262359619
    ],
    "mnist": [
        0.9882000088691711,
        0.9901000261306763,
        0.9916999936103821,
        0.9945999979972839,
        0.9950000047683716,
        0.9955999851226807,
        0.996399998664856,
        0.9969000220298767,
        0.996999979019165,
        0.9969000220298767
    ],
    "resisc45": [
        0.9285714030265808,
        0.9373015761375427,
        0.945555567741394,
        0.95333331823349,
        0.9617460370063782,
        0.9634920358657837,
        0.9655555486679077,
        0.9666666388511658,
        0.9660317301750183,
        0.9665079116821289
    ],
    "svhn": [
        0.9398432970046997,
        0.957590639591217,
        0.9629302620887756,
        0.9686155319213867,
        0.9685003161430359,
        0.9739935398101807,
        0.9781807065010071,
        0.9762983918190002,
        0.977066695690155,
        0.9771819114685059
    ],
    "sun397": [
        0.7507304549217224,
        0.7690680027008057,
        0.7731485962867737,
        0.7850377559661865,
        0.7856423258781433,
        0.7905289530754089,
        0.7915365099906921,
        0.7901259660720825,
        0.7907304763793945,
        0.7911335229873657
    ],
    "stl10": [
        0.9877499938011169,
        0.9908750057220459,
        0.9915000200271606,
        0.9891250133514404,
        0.9892500042915344,
        0.9850000143051147,
        0.9854999780654907,
        0.9828749895095825,
        0.9832500219345093,
        0.981249988079071
    ],
    "oxfordiiitpet": [
        0.9329517483711243,
        0.938130259513855,
        0.9405832886695862,
        0.9438539147377014,
        0.9449441432952881,
        0.9446715712547302,
        0.9449441432952881,
        0.9452166557312012,
        0.9443989992141724,
        0.9443989992141724
    ],
    "flowers102": [
        0.9227516651153564,
        0.929094135761261,
        0.9284436702728271,
        0.9310457110404968,
        0.9318588376045227,
        0.9333224892616272,
        0.9336477518081665,
        0.9318588376045227,
        0.9336477518081665,
        0.9336477518081665
    ],
    "cifar100": [
        0.8360000252723694,
        0.8525999784469604,
        0.8687000274658203,
        0.8747000098228455,
        0.881600022315979,
        0.8880000114440918,
        0.8950999975204468,
        0.8985000252723694,
        0.9025999903678894,
        0.9023000001907349
    ],
    "pcam": [
        0.886627197265625,
        0.900238037109375,
        0.914031982421875,
        0.896514892578125,
        0.908905029296875,
        0.904296875,
        0.883544921875,
        0.894134521484375,
        0.881011962890625,
        0.893646240234375
    ],
    "fer2013": [
        0.6518529057502747,
        0.6972694396972656,
        0.7174700498580933,
        0.7354416251182556,
        0.7353023290634155,
        0.7343271374702454,
        0.7411535382270813,
        0.7428253293037415,
        0.7456116080284119,
        0.7443577647209167
    ],
    "cifar10": [
        0.9639999866485596,
        0.9646999835968018,
        0.9681000113487244,
        0.9631999731063843,
        0.9787999987602234,
        0.9807999730110168,
        0.982200026512146,
        0.9850999712944031,
        0.9850000143051147,
        0.9853000044822693
    ],
    "food101": [
        0.8937821984291077,
        0.9035247564315796,
        0.906772255897522,
        0.91136634349823,
        0.917782187461853,
        0.921069324016571,
        0.9245940446853638,
        0.9261386394500732,
        0.9281980395317078,
        0.9287524819374084
    ],
    "fashionmnist": [
        0.901199996471405,
        0.9200000166893005,
        0.933899998664856,
        0.9358999729156494,
        0.9459999799728394,
        0.949999988079071,
        0.9514999985694885,
        0.9506999850273132,
        0.9545999765396118,
        0.9559000134468079
    ],
    "renderedsst2": [
        0.7819879055023193,
        0.7929708957672119,
        0.7759472727775574,
        0.7797912955284119,
        0.776496410369873,
        0.78693026304245,
        0.7753981351852417,
        0.7803404927253723,
        0.7792421579360962,
        0.7797912955284119
    ],
    "emnist": [
        0.9926000237464905,
        0.9953500032424927,
        0.9943000078201294,
        0.9944999814033508,
        0.9966250061988831,
        0.996999979019165,
        0.9976999759674072,
        0.9979249835014343,
        0.9980999827384949,
        0.9980999827384949
    ],
    "kmnist": [
        0.8921999931335449,
        0.9581999778747559,
        0.9635000228881836,
        0.9718999862670898,
        0.9771999716758728,
        0.9785000085830688,
        0.9812999963760376,
        0.984499990940094,
        0.9854999780654907,
        0.9853000044822693
    ]
}