{
    "cars": [
        0.4437507092952728,
        0.35182520747184753,
        0.31803956627845764,
        0.3079521954059601,
        0.3044026494026184,
        0.3016239106655121,
        0.30036160349845886,
        0.30005916953086853,
        0.2999761998653412,
        0.29996639490127563
    ],
    "dtd": [
        0.37704452872276306,
        0.30201271176338196,
        0.27647867798805237,
        0.2653597891330719,
        0.2636827826499939,
        0.2636913061141968,
        0.2635633051395416,
        0.26346585154533386,
        0.2633935213088989,
        0.26339903473854065
    ],
    "eurosat": [
        0.5087866187095642,
        0.43812528252601624,
        0.4083194434642792,
        0.3944000005722046,
        0.38540568947792053,
        0.3835879862308502,
        0.3832866847515106,
        0.3830015957355499,
        0.3829093277454376,
        0.38291212916374207
    ],
    "gtsrb": [
        0.5994253754615784,
        0.5095434188842773,
        0.48649537563323975,
        0.4836016297340393,
        0.48031505942344666,
        0.477016806602478,
        0.4753420948982239,
        0.4744148254394531,
        0.4739878177642822,
        0.4739508330821991
    ],
    "mnist": [
        0.6116103529930115,
        0.5700588822364807,
        0.5444249510765076,
        0.5340613722801208,
        0.5259873867034912,
        0.5198938846588135,
        0.5195996165275574,
        0.518954873085022,
        0.5185477137565613,
        0.5185294151306152
    ],
    "resisc45": [
        0.4699280858039856,
        0.40248945355415344,
        0.3725419044494629,
        0.3579700291156769,
        0.3516993522644043,
        0.34963858127593994,
        0.3492630422115326,
        0.3491707444190979,
        0.3491687476634979,
        0.34919804334640503
    ],
    "svhn": [
        0.5747838020324707,
        0.5885525345802307,
        0.5621690154075623,
        0.5490466952323914,
        0.5419930815696716,
        0.5339564085006714,
        0.5292996168136597,
        0.5270580053329468,
        0.5259749889373779,
        0.5257682800292969
    ],
    "sun397": [
        0.43695881962776184,
        0.4153119623661041,
        0.37956637144088745,
        0.3611968755722046,
        0.35579875111579895,
        0.35492047667503357,
        0.3544342517852783,
        0.35413193702697754,
        0.35403114557266235,
        0.35401633381843567
    ],
    "stl10": [
        0.44243568181991577,
        0.3898598551750183,
        0.37549224495887756,
        0.3719407618045807,
        0.3552924692630768,
        0.3323460817337036,
        0.2795771062374115,
        0.25596126914024353,
        0.23475603759288788,
        0.22278796136379242
    ],
    "oxfordiiitpet": [
        0.32244765758514404,
        0.25542062520980835,
        0.24039573967456818,
        0.24057637155056,
        0.2398398369550705,
        0.23926590383052826,
        0.23886342346668243,
        0.23861487209796906,
        0.23847146332263947,
        0.2384745478630066
    ],
    "flowers102": [
        0.40140512585639954,
        0.36434900760650635,
        0.33921384811401367,
        0.3328094482421875,
        0.3270947337150574,
        0.3224802613258362,
        0.31928396224975586,
        0.31741490960121155,
        0.31656089425086975,
        0.3164803385734558
    ],
    "cifar100": [
        0.5093954205513,
        0.44910410046577454,
        0.4437192976474762,
        0.43841227889060974,
        0.43309035897254944,
        0.4255557954311371,
        0.42266571521759033,
        0.4214264750480652,
        0.42097774147987366,
        0.42090681195259094
    ],
    "pcam": [
        0.32347139716148376,
        0.39617684483528137,
        0.4437115490436554,
        0.4683498442173004,
        0.4830053448677063,
        0.49236857891082764,
        0.4976194500923157,
        0.5002646446228027,
        0.5010359287261963,
        0.5010611414909363
    ],
    "fer2013": [
        0.4922703206539154,
        0.4233762323856354,
        0.37166884541511536,
        0.33637943863868713,
        0.31194230914115906,
        0.297661155462265,
        0.29208263754844666,
        0.2888779044151306,
        0.2879958748817444,
        0.2879011332988739
    ],
    "cifar10": [
        0.3529062867164612,
        0.3173815906047821,
        0.3199693262577057,
        0.3215835392475128,
        0.32069745659828186,
        0.3209696412086487,
        0.3217325508594513,
        0.3220701515674591,
        0.3221133053302765,
        0.32212063670158386
    ],
    "food101": [
        0.41170069575309753,
        0.42693594098091125,
        0.3879508674144745,
        0.3896973729133606,
        0.3992748558521271,
        0.3949334919452667,
        0.3951488137245178,
        0.3954227864742279,
        0.39529508352279663,
        0.3952801823616028
    ],
    "fashionmnist": [
        0.5411995649337769,
        0.5311158299446106,
        0.5113186836242676,
        0.4998649060726166,
        0.4836943447589874,
        0.4775908589363098,
        0.4694053530693054,
        0.4659024477005005,
        0.4642750322818756,
        0.46403583884239197
    ],
    "renderedsst2": [
        0.27008944749832153,
        0.18928048014640808,
        0.16749578714370728,
        0.1604532152414322,
        0.15439970791339874,
        0.15325163304805756,
        0.15227700769901276,
        0.1519569456577301,
        0.15169939398765564,
        0.1516551822423935
    ],
    "emnist": [
        0.5617949962615967,
        0.5830175280570984,
        0.5912904739379883,
        0.5926806926727295,
        0.591054379940033,
        0.5912038683891296,
        0.5920200943946838,
        0.5928806066513062,
        0.5931897163391113,
        0.5932227373123169
    ],
    "kmnist": [
        0.5351214408874512,
        0.4905063211917877,
        0.4636472463607788,
        0.45120906829833984,
        0.44558873772621155,
        0.441726416349411,
        0.4413798749446869,
        0.44070661067962646,
        0.4407925307750702,
        0.4407879710197449
    ]
}