{
    "results": {
        "Cars": [
            {
                "acc/test": 0.6346225738525391,
                "loss/test": 1.0919671058654785
            }
        ],
        "DTD": [
            {
                "acc/test": 0.451241135597229,
                "loss/test": 1.993935227394104
            }
        ],
        "EuroSAT": [
            {
                "acc/test": 0.5759259462356567,
                "loss/test": 1.2717350721359253
            }
        ],
        "GTSRB": [
            {
                "acc/test": 0.49952495098114014,
                "loss/test": 1.8092424869537354
            }
        ],
        "MNIST": [
            {
                "acc/test": 0.8618999719619751,
                "loss/test": 0.9035130739212036
            }
        ],
        "RESISC45": [
            {
                "acc/test": 0.6396825313568115,
                "loss/test": 1.1828207969665527
            }
        ],
        "SVHN": [
            {
                "acc/test": 0.6181622743606567,
                "loss/test": 1.4112492799758911
            }
        ],
        "SUN397": [
            {
                "acc/test": 0.6650378108024597,
                "loss/test": 1.1573965549468994
            }
        ],
        "STL10": [
            {
                "acc/test": 0.9714999794960022,
                "loss/test": 0.09613031148910522
            }
        ],
        "OxfordIIITPet": [
            {
                "acc/test": 0.8735350370407104,
                "loss/test": 0.3552236557006836
            }
        ],
        "Flowers102": [
            {
                "acc/test": 0.6732801795005798,
                "loss/test": 1.4264577627182007
            }
        ],
        "CIFAR100": [
            {
                "acc/test": 0.70169997215271,
                "loss/test": 1.0835747718811035
            }
        ],
        "PCAM": [
            {
                "acc/test": 0.71917724609375,
                "loss/test": 0.5686875581741333
            }
        ],
        "FER2013": [
            {
                "acc/test": 0.41223183274269104,
                "loss/test": 1.8574529886245728
            }
        ],
        "CIFAR10": [
            {
                "acc/test": 0.9284999966621399,
                "loss/test": 0.22080661356449127
            }
        ],
        "Food101": [
            {
                "acc/test": 0.8375049233436584,
                "loss/test": 0.5707587003707886
            }
        ],
        "FashionMNIST": [
            {
                "acc/test": 0.7055000066757202,
                "loss/test": 0.8099766373634338
            }
        ],
        "RenderedSST2": [
            {
                "acc/test": 0.6161449551582336,
                "loss/test": 0.6481918096542358
            }
        ],
        "EMNIST": [
            {
                "acc/test": 0.32019999623298645,
                "loss/test": 2.0502498149871826
            }
        ],
        "KMNIST": [
            {
                "acc/test": 0.09809999912977219,
                "loss/test": 2.5490825176239014
            }
        ],
        "average_of_tasks": 0.6401735659688711
    },
    "cfg": {
        "nn": {
            "data": {
                "dataset": {
                    "dataset_name": "CIFAR100",
                    "ft_epochs": 6,
                    "posthoc_epochs": 2,
                    "finegrained_epochs": 1,
                    "num_classes": 100
                },
                "accelerator": "gpu",
                "batch_size": {
                    "test": 16,
                    "train": 32,
                    "val": 32
                },
                "data_path": "/mnt/KS_2TB/PARA/Projects/ATM/Alternating-Tuning-and-Merging/data",
                "num_workers": {
                    "test": 0,
                    "train": 4,
                    "val": 2
                },
                "train_dataset": "CIFAR100Val"
            },
            "module": {
                "_target_": "tvp.pl_module.image_classifier.ImageClassifier",
                "x_key": "x",
                "y_key": "y",
                "encoder": "??",
                "classifier": "??",
                "optimizer": {
                    "_target_": "torch.optim.Adam",
                    "lr": 1e-05
                },
                "model": {
                    "_target_": "tvp.modules.encoder.ImageEncoder",
                    "model_name": "ViT-B-16",
                    "openclip_cachedir": "/mnt/KS_2TB/PARA/Projects/ATM/Alternating-Tuning-and-Merging/checkpoints/openclip_cache",
                    "cache_dir": null,
                    "keep_lang": "??"
                }
            }
        },
        "train": {
            "seed_index": 0,
            "deterministic": false,
            "trainer": {
                "fast_dev_run": false,
                "accelerator": "gpu",
                "devices": 1,
                "precision": 32,
                "max_steps": -1,
                "num_sanity_val_steps": 2,
                "gradient_clip_val": 10.0,
                "val_check_interval": 1.0,
                "deterministic": false
            },
            "restore": {
                "ckpt_or_run_path": null,
                "mode": null
            },
            "monitor": {
                "metric": "loss/train",
                "mode": "min"
            },
            "callbacks": [
                {
                    "_target_": "pytorch_lightning.callbacks.EarlyStopping",
                    "patience": 424242,
                    "verbose": false,
                    "monitor": "loss/train",
                    "mode": "min"
                },
                {
                    "_target_": "pytorch_lightning.callbacks.ModelCheckpoint",
                    "save_top_k": 1,
                    "verbose": false,
                    "monitor": "loss/train",
                    "mode": "min"
                },
                {
                    "_target_": "pytorch_lightning.callbacks.LearningRateMonitor",
                    "logging_interval": "step",
                    "log_momentum": false
                },
                {
                    "_target_": "pytorch_lightning.callbacks.progress.tqdm_progress.TQDMProgressBar",
                    "refresh_rate": 1
                }
            ],
            "logging": {
                "upload": {
                    "run_files": false,
                    "source": true
                },
                "logger": {
                    "_target_": "lightning.pytorch.loggers.WandbLogger",
                    "project": "task-vectors-playground",
                    "entity": "dansolombrinoandfriends",
                    "log_model": false,
                    "mode": "online",
                    "tags": [
                        "dev"
                    ]
                },
                "wandb_watch": {
                    "log": null,
                    "log_freq": 100,
                    "log_graph": false
                }
            }
        },
        "conventions": {
            "x_key": "x",
            "y_key": "y"
        },
        "core": {
            "entity": "dansolombrinoandfriends",
            "project_name": "task-vectors-playground",
            "storage_dir": "/mnt/KS_2TB/PARA/Projects/ATM/Alternating-Tuning-and-Merging/storage",
            "tags": [
                "dev"
            ],
            "version": "0.0.1"
        },
        "epoch_divisor": "None",