{
    "Cars": [
        {
            "acc/test": 0.6255440711975098,
            "loss/test": 1.082743763923645
        }
    ],
    "DTD": [
        {
            "acc/test": 0.45656028389930725,
            "loss/test": 2.026803731918335
        }
    ],
    "EuroSAT": [
        {
            "acc/test": 0.5377314686775208,
            "loss/test": 1.365288496017456
        }
    ],
    "GTSRB": [
        {
            "acc/test": 0.4316706359386444,
            "loss/test": 2.146672487258911
        }
    ],
    "MNIST": [
        {
            "acc/test": 0.5235999822616577,
            "loss/test": 1.8297874927520752
        }
    ],
    "RESISC45": [
        {
            "acc/test": 0.6615872979164124,
            "loss/test": 1.1015061140060425
        }
    ],
    "SVHN": [
        {
            "acc/test": 0.5230869650840759,
            "loss/test": 1.7918083667755127
        }
    ],
    "SUN397": [
        {
            "acc/test": 0.6511334776878357,
            "loss/test": 1.223026156425476
        }
    ],
    "STL10": [
        {
            "acc/test": 0.981124997138977,
            "loss/test": 0.07920048385858536
        }
    ],
    "OxfordIIITPet": [
        {
            "acc/test": 0.875715434551239,
            "loss/test": 0.3560217022895813
        }
    ],
    "Flowers102": [
        {
            "acc/test": 0.70596843957901,
            "loss/test": 1.249587893486023
        }
    ],
    "CIFAR100": [
        {
            "acc/test": 0.6638000011444092,
            "loss/test": 1.337319254875183
        }
    ],
    "PCAM": [
        {
            "acc/test": 0.539764404296875,
            "loss/test": 0.7498450875282288
        }
    ],
    "FER2013": [
        {
            "acc/test": 0.3566453158855438,
            "loss/test": 1.9174445867538452
        }
    ],
    "CIFAR10": [
        {
            "acc/test": 0.8992999792098999,
            "loss/test": 0.336864173412323
        }
    ],
    "Food101": [
        {
            "acc/test": 0.8735445737838745,
            "loss/test": 0.4419856071472168
        }
    ],
    "FashionMNIST": [
        {
            "acc/test": 0.6389999985694885,
            "loss/test": 1.0840791463851929
        }
    ],
    "RenderedSST2": [
        {
            "acc/test": 0.6029654145240784,
            "loss/test": 0.6672971248626709
        }
    ],
    "EMNIST": [
        {
            "acc/test": 0.19850000739097595,
            "loss/test": 2.292156934738159
        }
    ],
    "KMNIST": [
        {
            "acc/test": 0.10119999945163727,
            "loss/test": 2.460433006286621
        }
    ],
    "average_of_tasks": 0.5924221374094486
}