{
    "adam": {
        "Cars": {
            "acc_gap": 0.0872235894203186,
            "acc_ratio": 0.8955882347694833,
            "loss_gap": 0.0002486705780029297,
            "normalized_loss_gap": 0.0003347873686940588
        },
        "DTD": {
            "acc_gap": 0.04212862253189087,
            "acc_ratio": 0.9467786882832635,
            "loss_gap": -0.5002039074897766,
            "normalized_loss_gap": -0.5504298447382611
        },
        "EuroSAT": {
            "acc_gap": 0.016944468021392822,
            "acc_ratio": 0.982825746765959,
            "loss_gap": 0.042954564094543395,
            "normalized_loss_gap": 0.4529393949273894
        },
        "GTSRB": {
            "acc_gap": 0.006381392478942871,
            "acc_ratio": 0.9936114132661126,
            "loss_gap": 0.0221814764663577,
            "normalized_loss_gap": 0.7928235510998032
        },
        "MNIST": {
            "acc_gap": 0.005200028419494629,
            "acc_ratio": 0.994759092591687,
            "loss_gap": 0.033370316028595,
            "normalized_loss_gap": 0.4450032211130152
        },
        "RESISC45": {
            "acc_gap": 0.010582029819488414,
            "acc_ratio": 0.9887892175633256,
            "loss_gap": -0.07449835538864141,
            "normalized_loss_gap": -0.3525521688357849
        },
        "SVHN": {
            "acc_gap": 0.008599996566772572,
            "acc_ratio": 0.9910416700427109,
            "loss_gap": 0.022305637598037692,
            "normalized_loss_gap": 0.12411886242604003
        },
        "SUN397": {
            "acc_gap": -0.008564233779907227,
            "acc_ratio": 1.0117565727337092,
            "loss_gap": -0.4835571050643921,
            "normalized_loss_gap": -0.5621729879242261
        },
        "STL10": {
            "acc_gap": 0.0,
            "acc_ratio": 1.0,
            "loss_gap": 0.0030671358108519953,
            "normalized_loss_gap": 0.04480535665113448
        },
        "OxfordIIITPet": {
            "acc_gap": -0.01902174949645996,
            "acc_ratio": 1.0211480482659943,
            "loss_gap": -0.2821533679962158,
            "normalized_loss_gap": -1.0082433714692831
        },
        "Flowers102": {
            "acc_gap": 0.10784316062927235,
            "acc_ratio": 0.8854166422582543,
            "loss_gap": 0.2531547099351883,
            "normalized_loss_gap": 0.52588915870488
        },
        "CIFAR100": {
            "acc_gap": 0.018599987030029297,
            "acc_ratio": 0.9781741520203856,
            "loss_gap": -0.12717074155807495,
            "normalized_loss_gap": -0.23787348294503327
        },
        "PCAM": {
            "acc_gap": 0.00279998779296875,
            "acc_ratio": 0.9971146044282124,
            "loss_gap": -0.0030689984560012956,
            "normalized_loss_gap": -0.03344627054279462
        },
        "FER2013": {
            "acc_gap": 0.03170734643936157,
            "acc_ratio": 0.9561233923756166,
            "loss_gap": -0.48980265855789185,
            "normalized_loss_gap": -0.585507029732409
        },
        "CIFAR10": {
            "acc_gap": 0.006200015544891135,
            "acc_ratio": 0.9935523965176658,
            "loss_gap": -0.029089778661727905,
            "normalized_loss_gap": -0.2248595967970631
        },
        "Food101": {
            "acc_gap": -0.0042000412940979,
            "acc_ratio": 1.004995291814293,
            "loss_gap": -0.12040907144546509,
            "normalized_loss_gap": -0.21385388254984355
        },
        "FashionMNIST": {
            "acc_gap": 0.048200011253356934,
            "acc_ratio": 0.9486469091600704,
            "loss_gap": 0.11858940124511722,
            "normalized_loss_gap": 0.376772690797276
        },
        "RenderedSST2": {
            "acc_gap": 0.008670508861541748,
            "acc_ratio": 0.9883721078948677,
            "loss_gap": -0.8013313412666321,
            "normalized_loss_gap": -1.4486332540528053
        },
        "EMNIST": {
            "acc_gap": 0.005800008773803822,
            "acc_ratio": 0.9941766979708746,
            "loss_gap": 0.0253081321716309,
            "normalized_loss_gap": 0.43770900160262327
        },
        "KMNIST": {
            "acc_gap": 0.0020000338554382324,
            "acc_ratio": 0.9979870835008514,
            "loss_gap": 0.010861804708838498,
            "normalized_loss_gap": 0.3097612239956761
        }
    },
    "sgd": {
        "Cars": {
            "acc_gap": 0.07862406969070435,
            "acc_ratio": 0.8888888982481061,
            "loss_gap": 0.2081035375595094,
            "normalized_loss_gap": 0.211461877485045
        },
        "DTD": {
            "acc_gap": 0.18181818723678594,
            "acc_ratio": 0.7302631549859662,
            "loss_gap": 0.7428506612777712,
            "normalized_loss_gap": 0.3823379685432213
        },
        "EuroSAT": {
            "acc_gap": 0.09833335876464855,
            "acc_ratio": 0.8989869921628217,
            "loss_gap": 0.3898931220173836,
            "normalized_loss_gap": 0.7964491295984735
        },
        "GTSRB": {
            "acc_gap": 0.3055555820465088,
            "acc_ratio": 0.6534695416017279,
            "loss_gap": 1.0338614583015442,
            "normalized_loss_gap": 0.6930042489633294
        },
        "MNIST": {
            "acc_gap": 0.0722000002861023,
            "acc_ratio": 0.9257507203096205,
            "loss_gap": 0.2555980682373047,
            "normalized_loss_gap": 0.5599548716663011
        },
        "RESISC45": {
            "acc_gap": 0.16296297311782837,
            "acc_ratio": 0.8153477117809749,
            "loss_gap": 0.4950442612171173,
            "normalized_loss_gap": 0.5439660445322484
        },
        "SVHN": {
            "acc_gap": 0.1029999852180481,
            "acc_ratio": 0.8840873439469759,
            "loss_gap": 0.32047855854034424,
            "normalized_loss_gap": 0.40930558232627223
        },
        "SUN397": {
            "acc_gap": 0.040302276611328125,
            "acc_ratio": 0.9425287209776033,
            "loss_gap": 0.19765913486480702,
            "normalized_loss_gap": 0.16602901974402393
        },
        "STL10": {
            "acc_gap": 0.013999998569488414,
            "acc_ratio": 0.9857723595703403,
            "loss_gap": 0.034521527588367504,
            "normalized_loss_gap": 0.31674662579190965
        },
        "OxfordIIITPet": {
            "acc_gap": 0.08695650100708008,
            "acc_ratio": 0.9064327695416117,
            "loss_gap": 0.22814364731311798,
            "normalized_loss_gap": 0.48879140243407604
        },
        "Flowers102": {
            "acc_gap": 0.1666666865348816,
            "acc_ratio": 0.7976190260782536,
            "loss_gap": 0.6807167530059812,
            "normalized_loss_gap": 0.4935048795074514
        },
        "CIFAR100": {
            "acc_gap": 0.05119997262954712,
            "acc_ratio": 0.9368369433508061,
            "loss_gap": 0.19823473691940308,
            "normalized_loss_gap": 0.2303011631713912
        },
        "PCAM": {
            "acc_gap": 0.0194000005722047,
            "acc_ratio": 0.978492239072245,
            "loss_gap": 0.05332407355308538,
            "normalized_loss_gap": 0.1836687977306793
        },
        "FER2013": {
            "acc_gap": 0.18397209048271185,
            "acc_ratio": 0.7003405675912932,
            "loss_gap": 0.4999657869338989,
            "normalized_loss_gap": 0.32189231080364916
        },
        "CIFAR10": {
            "acc_gap": 0.018200039863586426,
            "acc_ratio": 0.9811242071259508,
            "loss_gap": 0.062185592949390384,
            "normalized_loss_gap": 0.34980392074684885
        },
        "Food101": {
            "acc_gap": 0.00959998369216919,
            "acc_ratio": 0.9888863350174394,
            "loss_gap": 0.03665268421173101,
            "normalized_loss_gap": 0.06983381067999765
        },