{
    "results": {
        "Cars": [
            {
                "acc/test": 0.7865937352180481,
                "loss/test": 0.634036660194397
            }
        ],
        "DTD": [
            {
                "acc/test": 0.692375898361206,
                "loss/test": 1.1240967512130737
            }
        ],
        "EuroSAT": [
            {
                "acc/test": 0.9807870388031006,
                "loss/test": 0.06432563811540604
            }
        ],
        "GTSRB": [
            {
                "acc/test": 0.9663499593734741,
                "loss/test": 0.13947997987270355
            }
        ],
        "MNIST": [
            {
                "acc/test": 0.9934999942779541,
                "loss/test": 0.03449810668826103
            }
        ],
        "RESISC45": [
            {
                "acc/test": 0.9019047617912292,
                "loss/test": 0.32052135467529297
            }
        ],
        "SVHN": [
            {
                "acc/test": 0.9641594886779785,
                "loss/test": 0.15337897837162018
            }
        ],
        "SUN397": [
            {
                "acc/test": 0.7480100989341736,
                "loss/test": 0.8938511610031128
            }
        ],
        "average_of_tasks": 0.8792101219296455
    },
    "cfg": {
        "nn": {
            "data": {
                "dataset": {
                    "dataset_name": "CIFAR100",
                    "ft_epochs": 6,
                    "posthoc_epochs": 2,
                    "finegrained_epochs": 1,
                    "num_classes": 100
                },
                "accelerator": "gpu",
                "batch_size": {
                    "test": 128,
                    "train": 128,
                    "val": 128
                },
                "data_path": "/mnt/KS_2TB/PARA/Projects/ATM/Alternating-Tuning-and-Merging/data",
                "num_workers": {
                    "test": 0,
                    "train": 4,
                    "val": 2
                },
                "train_dataset": "CIFAR100Val"
            },
            "module": {
                "_target_": "tvp.pl_module.image_classifier.ImageClassifier",
                "x_key": "x",
                "y_key": "y",
                "encoder": "??",
                "classifier": "??",
                "optimizer": {
                    "_target_": "torch.optim.AdamW",
                    "lr": 1e-05,
                    "weight_decay": 0.1
                },
                "model": {
                    "_target_": "tvp.modules.encoder.ImageEncoder",
                    "model_name": "ViT-B-16",
                    "openclip_cachedir": "/mnt/KS_2TB/PARA/Projects/ATM/Alternating-Tuning-and-Merging/checkpoints/openclip_cache",
                    "cache_dir": null,
                    "keep_lang": "??"
                }
            }
        },
        "train": {
            "seed_index": 0,
            "deterministic": false,
            "trainer": {
                "fast_dev_run": false,
                "accelerator": "gpu",
                "devices": 1,
                "precision": 32,
                "max_steps": -1,
                "num_sanity_val_steps": 2,
                "gradient_clip_val": 10.0,
                "val_check_interval": 1.0,
                "deterministic": false
            },
            "restore": {
                "ckpt_or_run_path": null,
                "mode": null
            },
            "monitor": {
                "metric": "loss/train",
                "mode": "min"
            },
            "callbacks": [
                {
                    "_target_": "pytorch_lightning.callbacks.progress.tqdm_progress.TQDMProgressBar",
                    "refresh_rate": 1
                }
            ],
            "logging": {
                "upload": {
                    "run_files": false,
                    "source": true
                },
                "logger": {
                    "_target_": "lightning.pytorch.loggers.WandbLogger",
                    "project": "task-vectors-playground",
                    "entity": "dansolombrinoandfriends",
                    "log_model": false,
                    "mode": "online",
                    "tags": [
                        "dev"
                    ]
                }
            }
        },
        "conventions": {
            "x_key": "x",
            "y_key": "y"
        },
        "core": {
            "entity": "dansolombrinoandfriends",
            "project_name": "task-vectors-playground",
            "storage_dir": "/mnt/KS_2TB/PARA/Projects/ATM/Alternating-Tuning-and-Merging/storage",
            "tags": [
                "dev"
            ],
            "version": "0.0.1"
        },
        "epoch_divisor": "None",
        "eval_datasets": [
            "Cars",
            "DTD",
            "EuroSAT",
            "GTSRB",
            "MNIST",
            "RESISC45",
            "SVHN",
            "SUN397"
        ],
        "eval_on_train": false,
        "misc": {
            "cache_dir": null,
            "ckpt_path": "/mnt/KS_2TB/PARA/Projects/ATM/Alternating-Tuning-and-Merging/checkpoints/ViT-B-16",
            "openclip_cachedir": "/mnt/KS_2TB/PARA/Projects/ATM/Alternating-Tuning-and-Merging/checkpoints/openclip_cache",
            "pretrained_checkpoint": "/mnt/KS_2TB/PARA/Projects/ATM/Alternating-Tuning-and-Merging/checkpoints/ViT-B-16/zeroshot.pt"
        },
        "order": 1,
        "seed_index": 0,
        "task_vectors": {
            "aggregator": {
                "_target_": "tvp.task_vectors.aggregator.SumAggregator",
                "mean": true
            },
            "breadcrumbs": {
                "beta": 0.85,
                "gamma": 0.993
            },
            "dare": {
                "rate": 0.9
            },
            "merging_method": "normal",
            "num_task_vectors": 8,
            "orthogonalize": false,
            "scaling_coefficient": 1,
            "ties": {
                "ties_lambda": 1,
                "top_k": 20,
                "merge_func": "mean"
            },
            "to_apply": [
                "Cars",
                "DTD",
                "EuroSAT",
                "GTSRB",
                "MNIST",
                "RESISC45",
                "SVHN",
                "SUN397"
            ]
        },
        "ft_regime": "atm-true",
        "optimizer_name": "adamw",
        "lr_scheduler_name": "none",
        "empty_flag_2": -123456,
        "upload_merged_to_wandb": true,
        "evaluation_export_dir": "evaluations/atm-true",
        "eval_orthogonalization_method": "none",
        "eval_conflict_res_method": "none",
        "eval_skip_if_exists": false,
        "ft_current_order": 9,
        "ft_total_orders": 10,
        "epochs_per_order": 1,
        "train_batches_ratio": 1.0,
        "timestamp": "2025_01_29_at_23_53_32"
    }
}